cluster_id,source,record_id,NIB,nama
OSS_1,OSS,5369,3056413953767,PT WIBOWO SETIAWAN
OSS_1,OSS,3,3056413953767,PT WIBOWO SETIAWAN
OSS_2,OSS,5282,4828148932528,CV PRAYOGA TBK
OSS_2,OSS,5,4828148932528,CV PRAYOGA TBK
OSS_3,OSS,28,3678377701436,PERUM LAKSITA (PERSERO) TBK
OSS_3,OSS,5334,3678377701436,PERUM LAKSITA (PERSERO) TBK
OSS_4,OSS,5329,9938677496499,CV HARIYAH NAJMUDIN (PERSERO) TBK
OSS_4,OSS,31,9938677496499,CV HARIYAH NAJMUDIN (PERSERO) TBK
OSS_5,OSS,41,9464743671369,PT PRAYOGA (PERSERO) TBK
OSS_5,OSS,5324,9464743671369,PT PRAYOGA (PERSERO) TBK
OSS_6,OSS,43,2474517123685,UD UTAMI RAHMAWATI
OSS_6,OSS,5499,2474517123685,UD UTAMI RAHMAWATI
OSS_7,OSS,5255,0268117758917,PERUM HARIYAH
OSS_7,OSS,47,0268117758917,PERUM HARIYAH
OSS_8,OSS,65,7980893246095,PD YUNIAR (PERSERO) TBK
OSS_8,OSS,5403,7980893246095,PD YUNIAR (PERSERO) TBK
OSS_9,OSS,72,7829114678669,PD KUSUMO TBK
OSS_9,OSS,5149,7829114678669,PD KUSUMO TBK
OSS_10,OSS,5331,9632595327877,CV SUARTINI MANGUNSONG
OSS_10,OSS,76,9632595327877,CV SUARTINI MANGUNSONG
OSS_11,OSS,5451,8879470551694,PERUM NURDIYANTI SURYATMI (PERSERO) TBK
OSS_11,OSS,79,8879470551694,PERUM NURDIYANTI SURYATMI (PERSERO) TBK
OSS_12,OSS,94,4678544587717,PERUM UTAMA WIDODO
OSS_12,OSS,5295,4678544587717,PERUM UTAMA WIDODO
OSS_13,OSS,99,9396856218501,UD SUSANTI NASYIDAH
OSS_13,OSS,5283,9396856218501,UD SUSANTI NASYIDAH
OSS_14,OSS,101,2126788861015,PD PUTRA SIREGAR (PERSERO) TBK
OSS_14,OSS,5485,2126788861015,PD PUTRA SIREGAR (PERSERO) TBK
OSS_15,OSS,5219,2444721264647,PT HARDIANSYAH SIREGAR
OSS_15,OSS,102,2444721264647,PT HARDIANSYAH SIREGAR
OSS_16,OSS,114,0684577590175,PERUM WULANDARI (PERSERO) TBK
OSS_16,OSS,5421,0684577590175,PERUM WULANDARI (PERSERO) TBK
OSS_17,OSS,5348,0506413836702,PT NASYIAH (PERSERO) TBK
OSS_17,OSS,125,0506413836702,PT NASYIAH (PERSERO) TBK
OSS_18,OSS,5483,5932525002921,CV PRABOWO
OSS_18,OSS,133,5932525002921,CV PRABOWO
OSS_19,OSS,5274,5054447132475,UD ASTUTI KURNIAWAN (PERSERO) TBK
OSS_19,OSS,143,5054447132475,UD ASTUTI KURNIAWAN (PERSERO) TBK
OSS_20,OSS,5393,0545444328309,PERUM JAILANI
OSS_20,OSS,147,0545444328309,PERUM JAILANI
OSS_21,OSS,5457,6978292216995,UD PRATAMA
OSS_21,OSS,163,6978292216995,UD PRATAMA
OSS_22,OSS,168,1826886153355,CV AGUSTINA TBK
OSS_22,OSS,5137,1826886153355,CV AGUSTINA TBK
OSS_23,OSS,5256,3356588043416,CV KUSWOYO DONGORAN (PERSERO) TBK
OSS_23,OSS,188,3356588043416,CV KUSWOYO DONGORAN (PERSERO) TBK
OSS_24,OSS,5496,1559428434795,CV GUNARTO ANGGRAINI
OSS_24,OSS,191,1559428434795,CV GUNARTO ANGGRAINI
OSS_25,OSS,196,7228200557784,UD NAPITUPULU
OSS_25,OSS,5063,7228200557784,UD NAPITUPULU
OSS_26,OSS,5322,3686632663416,PD MUSTOFA
OSS_26,OSS,198,3686632663416,PD MUSTOFA
OSS_27,OSS,202,6300979251327,UD YOLANDA IRAWAN
OSS_27,OSS,5078,6300979251327,UD YOLANDA IRAWAN
OSS_28,OSS,5347,6609656999880,PERUM NUGROHO PRASTUTI (PERSERO) TBK
OSS_28,OSS,220,6609656999880,PERUM NUGROHO PRASTUTI (PERSERO) TBK
OSS_29,OSS,5073,2307681040915,PERUM ARDIANTO
OSS_29,OSS,231,2307681040915,PERUM ARDIANTO
OSS_30,OSS,233,7020701601662,UD PRANOWO
OSS_30,OSS,5190,7020701601662,UD PRANOWO
OSS_31,OSS,234,8179217174773,PERUM HARIYAH
OSS_31,OSS,5253,8179217174773,PERUM HARIYAH
OSS_32,OSS,260,6325431074279,PD NAPITUPULU MAULANA (PERSERO) TBK
OSS_32,OSS,5479,6325431074279,PD NAPITUPULU MAULANA (PERSERO) TBK
OSS_33,OSS,5156,8015716479473,PERUM SURYONO SINAGA
OSS_33,OSS,278,8015716479473,PERUM SURYONO SINAGA
OSS_34,OSS,346,2867163234672,CV JANUAR
OSS_34,OSS,5242,2867163234672,CV JANUAR
OSS_35,OSS,5147,8027148727178,PD MAULANA TBK
OSS_35,OSS,366,8027148727178,PD MAULANA TBK
OSS_36,OSS,378,8615155423401,UD WIBOWO ANGGRAINI
OSS_36,OSS,5007,8615155423401,UD WIBOWO ANGGRAINI
OSS_37,OSS,5226,4849102562588,UD LAILASARI
OSS_37,OSS,379,4849102562588,UD LAILASARI
OSS_38,OSS,385,0531340266502,PT PURNAWATI WULANDARI TBK
OSS_38,OSS,5350,0531340266502,PT PURNAWATI WULANDARI TBK
OSS_39,OSS,5057,6862110225803,CV UTAMA
OSS_39,OSS,386,6862110225803,CV UTAMA
OSS_40,OSS,5193,3960962626582,PERUM NAINGGOLAN IRAWAN TBK
OSS_40,OSS,418,3960962626582,PERUM NAINGGOLAN IRAWAN TBK
OSS_41,OSS,419,9209819602752,PERUM WIJAYA (PERSERO) TBK
OSS_41,OSS,5159,9209819602752,PERUM WIJAYA (PERSERO) TBK
OSS_42,OSS,425,0505379538164,PD MAYASARI TBK
OSS_42,OSS,5418,0505379538164,PD MAYASARI TBK
OSS_43,OSS,5209,9671883977457,UD YULIANTI WASKITA (PERSERO) TBK
OSS_43,OSS,429,9671883977457,UD YULIANTI WASKITA (PERSERO) TBK
OSS_44,OSS,5065,4912711307240,UD PERTIWI ARDIANTO TBK
OSS_44,OSS,431,4912711307240,UD PERTIWI ARDIANTO TBK
OSS_45,OSS,456,9342967111483,PT MAHENDRA
OSS_45,OSS,5228,9342967111483,PT MAHENDRA
OSS_46,OSS,5206,5956164205955,PERUM PADMASARI LESTARI
OSS_46,OSS,463,5956164205955,PERUM PADMASARI LESTARI
OSS_47,OSS,481,4520599604387,PT WIDIASTUTI MARBUN
OSS_47,OSS,5148,4520599604387,PT WIDIASTUTI MARBUN
OSS_48,OSS,482,2812371067287,PT TAMBA SINAGA
OSS_48,OSS,5323,2812371067287,PT TAMBA SINAGA
OSS_49,OSS,5360,4409079772781,PERUM SURYATMI ASTUTI (PERSERO) TBK
OSS_49,OSS,489,4409079772781,PERUM SURYATMI ASTUTI (PERSERO) TBK
OSS_50,OSS,491,6204485157919,PD SAMOSIR YUNIAR (PERSERO) TBK
OSS_50,OSS,5484,6204485157919,PD SAMOSIR YUNIAR (PERSERO) TBK
OSS_51,OSS,5332,3432406424295,PD ANGGRAINI
OSS_51,OSS,492,3432406424295,PD ANGGRAINI
OSS_52,OSS,5140,7820797996673,UD ASTUTI NARPATI (PERSERO) TBK
OSS_52,OSS,495,7820797996673,UD ASTUTI NARPATI (PERSERO) TBK
OSS_53,OSS,498,1625265469681,UD ZULAIKA TBK
OSS_53,OSS,5199,1625265469681,UD ZULAIKA TBK
OSS_54,OSS,5273,0252986707660,PD PRADIPTA TBK
OSS_54,OSS,500,0252986707660,PD PRADIPTA TBK
OSS_55,OSS,507,5770299295966,PT NURAINI SURYONO TBK
OSS_55,OSS,5028,5770299295966,PT NURAINI SURYONO TBK
OSS_56,OSS,5043,9732781952371,PD SALAHUDIN PERTIWI (PERSERO) TBK
OSS_56,OSS,511,9732781952371,PD SALAHUDIN PERTIWI (PERSERO) TBK
OSS_57,OSS,522,7403344505665,CV WIJAYANTI (PERSERO) TBK
OSS_57,OSS,5252,7403344505665,CV WIJAYANTI (PERSERO) TBK
OSS_58,OSS,5125,1918182819793,CV MANDALA THAMRIN TBK
OSS_58,OSS,526,1918182819793,CV MANDALA THAMRIN TBK
OSS_59,OSS,549,5837490797796,PERUM KUSMAWATI (PERSERO) TBK
OSS_59,OSS,5423,5837490797796,PERUM KUSMAWATI (PERSERO) TBK
OSS_60,OSS,5154,6213541597099,PD WULANDARI (PERSERO) TBK
OSS_60,OSS,571,6213541597099,PD WULANDARI (PERSERO) TBK
OSS_61,OSS,605,0733777312688,PD ANDRIANI ZULKARNAIN TBK
OSS_61,OSS,5406,0733777312688,PD ANDRIANI ZULKARNAIN TBK
OSS_62,OSS,613,3263890219947,CV SINAGA TBK
OSS_62,OSS,5303,3263890219947,CV SINAGA TBK
OSS_63,OSS,652,5869507321464,CV SIREGAR MARPAUNG TBK
OSS_63,OSS,5005,5869507321464,CV SIREGAR MARPAUNG TBK
OSS_64,OSS,5420,1844490295026,PD NASYIDAH WINARNO
OSS_64,OSS,686,1844490295026,PD NASYIDAH WINARNO
OSS_65,OSS,5424,2050682122355,UD SITUMORANG HARYANTI (PERSERO) TBK
OSS_65,OSS,689,2050682122355,UD SITUMORANG HARYANTI (PERSERO) TBK
OSS_66,OSS,691,9386948424959,CV SAEFULLAH (PERSERO) TBK
OSS_66,OSS,5287,9386948424959,CV SAEFULLAH (PERSERO) TBK
OSS_67,OSS,5157,2258937085806,UD SIREGAR
OSS_67,OSS,693,2258937085806,UD SIREGAR
OSS_68,OSS,699,6981987809270,CV HARYANTI UWAIS
OSS_68,OSS,5477,6981987809270,CV HARYANTI UWAIS
OSS_69,OSS,5158,8254318328123,PD SITOMPUL TBK
OSS_69,OSS,703,8254318328123,PD SITOMPUL TBK
OSS_70,OSS,714,6538027481242,CV SAPTONO TBK
OSS_70,OSS,5047,6538027481242,CV SAPTONO TBK
OSS_71,OSS,5257,0344096617718,PERUM SIRAIT TBK
OSS_71,OSS,735,0344096617718,PERUM SIRAIT TBK
OSS_72,OSS,755,3407851699497,UD PRADIPTA TBK
OSS_72,OSS,5141,3407851699497,UD PRADIPTA TBK
OSS_73,OSS,5352,0906053088684,CV ZULAIKA LESTARI TBK
OSS_73,OSS,774,0906053088684,CV ZULAIKA LESTARI TBK
OSS_74,OSS,786,4199643385324,PD WINARSIH
OSS_74,OSS,5186,4199643385324,PD WINARSIH
OSS_75,OSS,5002,0311587605457,PT SIREGAR
OSS_75,OSS,787,0311587605457,PT SIREGAR
OSS_76,OSS,5074,4048933261454,PD USADA RAHAYU
OSS_76,OSS,790,4048933261454,PD USADA RAHAYU
OSS_77,OSS,5123,1785221158718,PD SITUMORANG
OSS_77,OSS,791,1785221158718,PD SITUMORANG
OSS_78,OSS,5320,5953322273938,PD SUDIATI MANDASARI
OSS_78,OSS,795,5953322273938,PD SUDIATI MANDASARI
OSS_79,OSS,5443,4612939002512,PT SAEFULLAH
OSS_79,OSS,812,4612939002512,PT SAEFULLAH
OSS_80,OSS,5456,6220334742463,CV HASANAH
OSS_80,OSS,814,6220334742463,CV HASANAH
OSS_81,OSS,5177,0654963308334,UD KUSMAWATI
OSS_81,OSS,823,0654963308334,UD KUSMAWATI
OSS_82,OSS,5419,5969838457202,UD NABABAN TBK
OSS_82,OSS,836,5969838457202,UD NABABAN TBK
OSS_83,OSS,5366,3478536988164,PERUM PURNAWATI TBK
OSS_83,OSS,839,3478536988164,PERUM PURNAWATI TBK
OSS_84,OSS,5449,2590073971307,CV KURNIAWAN
OSS_84,OSS,869,2590073971307,CV KURNIAWAN
OSS_85,OSS,5355,0000886346739,PT PRAKASA TBK
OSS_85,OSS,876,0000886346739,PT PRAKASA TBK
OSS_86,OSS,5072,5273536423570,CV GUNARTO (PERSERO) TBK
OSS_86,OSS,881,5273536423570,CV GUNARTO (PERSERO) TBK
OSS_87,OSS,882,5590461007923,PERUM MANSUR
OSS_87,OSS,5308,5590461007923,PERUM MANSUR
OSS_88,OSS,898,0501476427896,PD PRADANA TBK
OSS_88,OSS,5310,0501476427896,PD PRADANA TBK
OSS_89,OSS,5251,7066320162907,CV RAHMAWATI SARAGIH
OSS_89,OSS,935,7066320162907,CV RAHMAWATI SARAGIH
OSS_90,OSS,5345,6780664315890,UD BUDIYANTO TBK
OSS_90,OSS,938,6780664315890,UD BUDIYANTO TBK
OSS_91,OSS,5112,1961276620808,CV MARBUN
OSS_91,OSS,941,1961276620808,CV MARBUN
OSS_92,OSS,5361,0762914304913,PD PURNAWATI (PERSERO) TBK
OSS_92,OSS,948,0762914304913,PD PURNAWATI (PERSERO) TBK
OSS_93,OSS,5008,8056820175307,PERUM SIRAIT (PERSERO) TBK
OSS_93,OSS,950,8056820175307,PERUM SIRAIT (PERSERO) TBK
OSS_94,OSS,5460,4741253137956,PD WIBISONO KUSWANDARI (PERSERO) TBK
OSS_94,OSS,951,4741253137956,PD WIBISONO KUSWANDARI (PERSERO) TBK
OSS_95,OSS,955,6077004093045,PD PRASETYA (PERSERO) TBK
OSS_95,OSS,5436,6077004093045,PD PRASETYA (PERSERO) TBK
OSS_96,OSS,5070,4311326611584,CV NURDIYANTI
OSS_96,OSS,958,4311326611584,CV NURDIYANTI
OSS_97,OSS,5413,4722053970774,PT PRATAMA NATSIR
OSS_97,OSS,959,4722053970774,PT PRATAMA NATSIR
OSS_98,OSS,5321,3605028164098,UD SALAHUDIN MARBUN (PERSERO) TBK
OSS_98,OSS,962,3605028164098,UD SALAHUDIN MARBUN (PERSERO) TBK
OSS_99,OSS,5036,7058416806134,CV GUNARTO LAZUARDI
OSS_99,OSS,980,7058416806134,CV GUNARTO LAZUARDI
OSS_100,OSS,5248,6824051665451,PERUM RIYANTI SITUMORANG
OSS_100,OSS,983,6824051665451,PERUM RIYANTI SITUMORANG
OSS_101,OSS,5230,0623272371798,PT PRATIWI
OSS_101,OSS,991,0623272371798,PT PRATIWI
OSS_102,OSS,5115,3302650996218,PERUM PRAYOGA SAPTONO TBK
OSS_102,OSS,1004,3302650996218,PERUM PRAYOGA SAPTONO TBK
OSS_103,OSS,1011,1078187109685,PERUM WIDODO SAFITRI
OSS_103,OSS,5364,1078187109685,PERUM WIDODO SAFITRI
OSS_104,OSS,1040,5701652761368,PERUM RAHMAWATI (PERSERO) TBK
OSS_104,OSS,5241,5701652761368,PERUM RAHMAWATI (PERSERO) TBK
OSS_105,OSS,5189,7397984218914,PERUM LAILASARI
OSS_105,OSS,1077,7397984218914,PERUM LAILASARI
OSS_106,OSS,5080,4453451466886,PT NURAINI ZULKARNAIN
OSS_106,OSS,1085,4453451466886,PT NURAINI ZULKARNAIN
OSS_107,OSS,1105,9276713771886,PERUM WINARNO
OSS_107,OSS,5197,9276713771886,PERUM WINARNO
OSS_108,OSS,1115,5174192581476,CV YOLANDA KURNIAWAN (PERSERO) TBK
OSS_108,OSS,5475,5174192581476,CV YOLANDA KURNIAWAN (PERSERO) TBK
OSS_109,OSS,5090,1814442484202,UD ANGGRIAWAN FARIDA TBK
OSS_109,OSS,1119,1814442484202,UD ANGGRIAWAN FARIDA TBK
OSS_110,OSS,1121,8261103565942,PT WAHYUDIN (PERSERO) TBK
OSS_110,OSS,5019,8261103565942,PT WAHYUDIN (PERSERO) TBK
OSS_111,OSS,1124,9285507435095,PERUM GUNARTO PRAKASA TBK
OSS_111,OSS,5079,9285507435095,PERUM GUNARTO PRAKASA TBK
OSS_112,OSS,1130,3849368063585,PT YOLANDA UWAIS
OSS_112,OSS,5486,3849368063585,PT YOLANDA UWAIS
OSS_113,OSS,1144,2421959730912,PERUM HANDAYANI WASITA (PERSERO) TBK
OSS_113,OSS,5096,2421959730912,PERUM HANDAYANI WASITA (PERSERO) TBK
OSS_114,OSS,1154,4191479053472,UD SIHOMBING TBK
OSS_114,OSS,5167,4191479053472,UD SIHOMBING TBK
OSS_115,OSS,5041,2519701815891,PERUM HASANAH (PERSERO) TBK
OSS_115,OSS,1183,2519701815891,PERUM HASANAH (PERSERO) TBK
OSS_116,OSS,1185,3910657351745,UD KUSWOYO
OSS_116,OSS,5258,3910657351745,UD KUSWOYO
OSS_117,OSS,5211,5687094124605,PT LAILASARI
OSS_117,OSS,1187,5687094124605,PT LAILASARI
OSS_118,OSS,5224,4249562917964,PERUM KUSUMO
OSS_118,OSS,1199,4249562917964,PERUM KUSUMO
OSS_119,OSS,5162,6772443435497,CV BUDIYANTO (PERSERO) TBK
OSS_119,OSS,1206,6772443435497,CV BUDIYANTO (PERSERO) TBK
OSS_120,OSS,1210,0184293359847,PT PUDJIASTUTI (PERSERO) TBK
OSS_120,OSS,5359,0184293359847,PT PUDJIASTUTI (PERSERO) TBK
OSS_121,OSS,5097,4427873554042,PT TAMPUBOLON IRAWAN (PERSERO) TBK
OSS_121,OSS,1212,4427873554042,PT TAMPUBOLON IRAWAN (PERSERO) TBK
OSS_122,OSS,1229,2392788447909,CV IRAWAN TBK
OSS_122,OSS,5270,2392788447909,CV IRAWAN TBK
OSS_123,OSS,5171,8170361007701,PD WINARSIH (PERSERO) TBK
OSS_123,OSS,1237,8170361007701,PD WINARSIH (PERSERO) TBK
OSS_124,OSS,1240,7317394624872,CV RAJATA (PERSERO) TBK
OSS_124,OSS,5114,7317394624872,CV RAJATA (PERSERO) TBK
OSS_125,OSS,5286,9916764032391,PD ASTUTI (PERSERO) TBK
OSS_125,OSS,1247,9916764032391,PD ASTUTI (PERSERO) TBK
OSS_126,OSS,1257,9687403304544,UD MARYADI WIDIASTUTI TBK
OSS_126,OSS,5068,9687403304544,UD MARYADI WIDIASTUTI TBK
OSS_127,OSS,1261,0045880971861,CV PRAKASA NARPATI
OSS_127,OSS,5142,0045880971861,CV PRAKASA NARPATI
OSS_128,OSS,5480,0823696269022,PT PRASTUTI
OSS_128,OSS,1275,0823696269022,PT PRASTUTI
OSS_129,OSS,1294,8447936561156,PD HALIM PRAYOGA TBK
OSS_129,OSS,5471,8447936561156,PD HALIM PRAYOGA TBK
OSS_130,OSS,1305,1628335689058,PT MARPAUNG TBK
OSS_130,OSS,5490,1628335689058,PT MARPAUNG TBK
OSS_131,OSS,5427,5362917148541,PERUM LAKSMIWATI NABABAN
OSS_131,OSS,1307,5362917148541,PERUM LAKSMIWATI NABABAN
OSS_132,OSS,5476,4029363409412,PT SINAGA
OSS_132,OSS,1310,4029363409412,PT SINAGA
OSS_133,OSS,1340,1257804737198,PERUM NAMAGA SETIAWAN (PERSERO) TBK
OSS_133,OSS,5494,1257804737198,PERUM NAMAGA SETIAWAN (PERSERO) TBK
OSS_134,OSS,5353,2506668606734,PD MAYASARI LESTARI (PERSERO) TBK
OSS_134,OSS,1343,2506668606734,PD MAYASARI LESTARI (PERSERO) TBK
OSS_135,OSS,5304,1660191090488,PD THAMRIN (PERSERO) TBK
OSS_135,OSS,1347,1660191090488,PD THAMRIN (PERSERO) TBK
OSS_136,OSS,5076,3717758856274,CV HARYANTI TBK
OSS_136,OSS,1357,3717758856274,CV HARYANTI TBK
OSS_137,OSS,5388,7920623145968,CV YOLANDA KUSMAWATI
OSS_137,OSS,1359,7920623145968,CV YOLANDA KUSMAWATI
OSS_138,OSS,1369,6578963558774,UD ARYANI TBK
OSS_138,OSS,5021,6578963558774,UD ARYANI TBK
OSS_139,OSS,1372,2621074144301,UD NASYIAH (PERSERO) TBK
OSS_139,OSS,5462,2621074144301,UD NASYIAH (PERSERO) TBK
OSS_140,OSS,5259,2749033122239,PERUM WASKITA SUWARNO
OSS_140,OSS,1375,2749033122239,PERUM WASKITA SUWARNO
OSS_141,OSS,1376,8368747774070,PD MAHESWARA RAHIMAH TBK
OSS_141,OSS,5062,8368747774070,PD MAHESWARA RAHIMAH TBK
OSS_142,OSS,1386,3277011549177,PD HABIBI TBK
OSS_142,OSS,5178,3277011549177,PD HABIBI TBK
OSS_143,OSS,1400,9663309235654,PT MUSTOFA MAHESWARA
OSS_143,OSS,5478,9663309235654,PT MUSTOFA MAHESWARA
OSS_144,OSS,1408,0767490641227,CV JANUAR PADMASARI
OSS_144,OSS,5039,0767490641227,CV JANUAR PADMASARI
OSS_145,OSS,5201,0931608988850,CV SITOMPUL (PERSERO) TBK
OSS_145,OSS,1411,0931608988850,CV SITOMPUL (PERSERO) TBK
OSS_146,OSS,1419,8674715203519,UD HANDAYANI MAULANA
OSS_146,OSS,5301,8674715203519,UD HANDAYANI MAULANA
OSS_147,OSS,5164,8917005229184,PERUM WASITA HASANAH TBK
OSS_147,OSS,1421,8917005229184,PERUM WASITA HASANAH TBK
OSS_148,OSS,5145,5995843835699,UD NAPITUPULU (PERSERO) TBK
OSS_148,OSS,1436,5995843835699,UD NAPITUPULU (PERSERO) TBK
OSS_149,OSS,5200,7533552620294,PT WINARNO USAMAH TBK
OSS_149,OSS,1438,7533552620294,PT WINARNO USAMAH TBK
OSS_150,OSS,5354,1202241756168,UD SITUMORANG
OSS_150,OSS,1446,1202241756168,UD SITUMORANG
OSS_151,OSS,5278,4421065100460,PD KUSWOYO SAFITRI TBK
OSS_151,OSS,1463,4421065100460,PD KUSWOYO SAFITRI TBK
OSS_152,OSS,5227,9940232358593,CV ANGGRAINI ASTUTI
OSS_152,OSS,1478,9940232358593,CV ANGGRAINI ASTUTI
OSS_153,OSS,5268,8197354425247,PD SIREGAR
OSS_153,OSS,1479,8197354425247,PD SIREGAR
OSS_154,OSS,1483,1794964549595,PT MAHESWARA JAILANI
OSS_154,OSS,5196,1794964549595,PT MAHESWARA JAILANI
OSS_155,OSS,1491,4175024130078,PD HASSANAH
OSS_155,OSS,5071,4175024130078,PD HASSANAH
OSS_156,OSS,1516,8958247733912,UD WIJAYA TBK
OSS_156,OSS,5238,8958247733912,UD WIJAYA TBK
OSS_157,OSS,5172,2446666948360,PD PRASETYA
OSS_157,OSS,1525,2446666948360,PD PRASETYA
OSS_158,OSS,1529,4769123779398,UD WIBISONO
OSS_158,OSS,5013,4769123779398,UD WIBISONO
OSS_159,OSS,1536,4267302209941,PERUM RAHAYU NATSIR
OSS_159,OSS,5428,4267302209941,PERUM RAHAYU NATSIR
OSS_160,OSS,1539,7279732829018,UD PRAYOGA PURWANTI
OSS_160,OSS,5222,7279732829018,UD PRAYOGA PURWANTI
OSS_161,OSS,1544,7358727299335,PD LESTARI
OSS_161,OSS,5264,7358727299335,PD LESTARI
OSS_162,OSS,5024,0041770734603,PERUM MAHENDRA MARYADI (PERSERO) TBK
OSS_162,OSS,1571,0041770734603,PERUM MAHENDRA MARYADI (PERSERO) TBK
OSS_163,OSS,1584,4577661388655,CV ARYANI HANDAYANI TBK
OSS_163,OSS,5155,4577661388655,CV ARYANI HANDAYANI TBK
OSS_164,OSS,1593,7838744308183,PD SAEFULLAH
OSS_164,OSS,5093,7838744308183,PD SAEFULLAH
OSS_165,OSS,5492,5839340835442,PT PRATIWI
OSS_165,OSS,1644,5839340835442,PT PRATIWI
OSS_166,OSS,1652,3928532025461,CV ZULKARNAIN
OSS_166,OSS,5309,3928532025461,CV ZULKARNAIN
OSS_167,OSS,5185,5589223552858,CV PRATAMA TBK
OSS_167,OSS,1666,5589223552858,CV PRATAMA TBK
OSS_168,OSS,5124,0504726097962,PD HUTAPEA RAJATA TBK
OSS_168,OSS,1671,0504726097962,PD HUTAPEA RAJATA TBK
OSS_169,OSS,1676,7123933065335,CV SARAGIH WALUYO (PERSERO) TBK
OSS_169,OSS,5358,7123933065335,CV SARAGIH WALUYO (PERSERO) TBK
OSS_170,OSS,1688,3514244966390,PERUM SANTOSO HABIBI TBK
OSS_170,OSS,5292,3514244966390,PERUM SANTOSO HABIBI TBK
OSS_171,OSS,5066,8326213841551,UD SAFITRI
OSS_171,OSS,1695,8326213841551,UD SAFITRI
OSS_172,OSS,1705,8921327381522,PD HARIYAH
OSS_172,OSS,5133,8921327381522,PD HARIYAH
OSS_173,OSS,5061,5951763524130,PT PRATAMA NURAINI TBK
OSS_173,OSS,1711,5951763524130,PT PRATAMA NURAINI TBK
OSS_174,OSS,1712,9235777414905,PT PALASTRI
OSS_174,OSS,5130,9235777414905,PT PALASTRI
OSS_175,OSS,1737,0045820721624,UD UWAIS TBK
OSS_175,OSS,5138,0045820721624,UD UWAIS TBK
OSS_176,OSS,5481,9924662576013,PERUM WALUYO WIJAYANTI (PERSERO) TBK
OSS_176,OSS,1742,9924662576013,PERUM WALUYO WIJAYANTI (PERSERO) TBK
OSS_177,OSS,1745,8924418328113,PT KUSWANDARI HUTASOIT
OSS_177,OSS,5207,8924418328113,PT KUSWANDARI HUTASOIT
OSS_178,OSS,5266,7649737805342,UD RAJATA
OSS_178,OSS,1747,7649737805342,UD RAJATA
OSS_179,OSS,5122,0422464069486,PERUM NAJMUDIN ANGGRAINI
OSS_179,OSS,1766,0422464069486,PERUM NAJMUDIN ANGGRAINI
OSS_180,OSS,5441,5761867706672,PERUM ZULKARNAIN
OSS_180,OSS,1771,5761867706672,PERUM ZULKARNAIN
OSS_181,OSS,1777,6089706493759,PERUM PRADANA PRASETYA
OSS_181,OSS,5442,6089706493759,PERUM PRADANA PRASETYA
OSS_182,OSS,5184,8144166611772,PD RAJATA
OSS_182,OSS,1828,8144166611772,PD RAJATA
OSS_183,OSS,1833,6941513985532,PD JANUAR RAHAYU
OSS_183,OSS,5389,6941513985532,PD JANUAR RAHAYU
OSS_184,OSS,5105,7080538289812,CV NURAINI
OSS_184,OSS,1838,7080538289812,CV NURAINI
OSS_185,OSS,1843,2360368085884,PERUM TARIHORAN TBK
OSS_185,OSS,5092,2360368085884,PERUM TARIHORAN TBK
OSS_186,OSS,5408,8319180438430,UD TAMPUBOLON
OSS_186,OSS,1844,8319180438430,UD TAMPUBOLON
OSS_187,OSS,1849,5333501626251,PD ARYANI (PERSERO) TBK
OSS_187,OSS,5101,5333501626251,PD ARYANI (PERSERO) TBK
OSS_188,OSS,1857,7417060225255,PT WIBISONO RAHAYU
OSS_188,OSS,5315,7417060225255,PT WIBISONO RAHAYU
OSS_189,OSS,1860,9992570992861,PT PRATAMA ANGGRAINI
OSS_189,OSS,5399,9992570992861,PT PRATAMA ANGGRAINI
OSS_190,OSS,5440,2396042445025,CV USADA
OSS_190,OSS,1879,2396042445025,CV USADA
OSS_191,OSS,5118,8723063657837,PERUM PRASETYO TBK
OSS_191,OSS,1887,8723063657837,PERUM PRASETYO TBK
OSS_192,OSS,1908,4773920244407,CV MANDASARI ZULKARNAIN
OSS_192,OSS,5390,4773920244407,CV MANDASARI ZULKARNAIN
OSS_193,OSS,1912,0606737788921,PD ARDIANTO TBK
OSS_193,OSS,5042,0606737788921,PD ARDIANTO TBK
OSS_194,OSS,5098,6330804808861,PD LAKSITA TBK
OSS_194,OSS,1916,6330804808861,PD LAKSITA TBK
OSS_195,OSS,1940,7476308357289,PD RAMADAN HASANAH (PERSERO) TBK
OSS_195,OSS,5069,7476308357289,PD RAMADAN HASANAH (PERSERO) TBK
OSS_196,OSS,5040,8024557116274,PT ANDRIANI TBK
OSS_196,OSS,1950,8024557116274,PT ANDRIANI TBK
OSS_197,OSS,1955,8005573380792,PD SUARTINI HANDAYANI TBK
OSS_197,OSS,5022,8005573380792,PD SUARTINI HANDAYANI TBK
OSS_198,OSS,1961,1567261736292,PD DABUKKE TBK
OSS_198,OSS,5091,1567261736292,PD DABUKKE TBK
OSS_199,OSS,1973,5887850660675,PT NOVITASARI
OSS_199,OSS,5053,5887850660675,PT NOVITASARI
OSS_200,OSS,2000,0826565293675,CV MARYATI
OSS_200,OSS,5265,0826565293675,CV MARYATI
OSS_201,OSS,2001,3642209470544,PT PRANOWO WIDIASTUTI (PERSERO) TBK
OSS_201,OSS,5447,3642209470544,PT PRANOWO WIDIASTUTI (PERSERO) TBK
OSS_202,OSS,5179,8925857839803,PT SIHOTANG WINARSIH TBK
OSS_202,OSS,2020,8925857839803,PT SIHOTANG WINARSIH TBK
OSS_203,OSS,5432,4523649411002,PT ANGGRAINI TBK
OSS_203,OSS,2043,4523649411002,PT ANGGRAINI TBK
OSS_204,OSS,2057,4522759426732,PT PURWANTI THAMRIN (PERSERO) TBK
OSS_204,OSS,5018,4522759426732,PT PURWANTI THAMRIN (PERSERO) TBK
OSS_205,OSS,5001,2491626317774,PT SAEFULLAH (PERSERO) TBK
OSS_205,OSS,2062,2491626317774,PT SAEFULLAH (PERSERO) TBK
OSS_206,OSS,2088,3345958295656,PERUM MANULLANG ZULAIKA TBK
OSS_206,OSS,5294,3345958295656,PERUM MANULLANG ZULAIKA TBK
OSS_207,OSS,2101,7952331432417,PERUM KUSUMO KUSUMO TBK
OSS_207,OSS,5454,7952331432417,PERUM KUSUMO KUSUMO TBK
OSS_208,OSS,5113,9497254720474,CV SIHOMBING
OSS_208,OSS,2107,9497254720474,CV SIHOMBING
OSS_209,OSS,5339,2241250383412,CV SANTOSO TBK
OSS_209,OSS,2110,2241250383412,CV SANTOSO TBK
OSS_210,OSS,5180,6012316257510,UD SAEFULLAH
OSS_210,OSS,2117,6012316257510,UD SAEFULLAH
OSS_211,OSS,5232,1632822519642,PERUM USADA (PERSERO) TBK
OSS_211,OSS,2133,1632822519642,PERUM USADA (PERSERO) TBK
OSS_212,OSS,2147,4210014996117,PD HARIYAH KUSUMO
OSS_212,OSS,5495,4210014996117,PD HARIYAH KUSUMO
OSS_213,OSS,5106,7013111751733,CV NOVITASARI TBK
OSS_213,OSS,2149,7013111751733,CV NOVITASARI TBK
OSS_214,OSS,2156,6607025076660,PERUM WIBISONO TBK
OSS_214,OSS,5293,6607025076660,PERUM WIBISONO TBK
OSS_215,OSS,5208,0315134650865,PERUM SETIAWAN DABUKKE
OSS_215,OSS,2164,0315134650865,PERUM SETIAWAN DABUKKE
OSS_216,OSS,2172,1538348995312,PD PRASETYA HANDAYANI (PERSERO) TBK
OSS_216,OSS,5014,1538348995312,PD PRASETYA HANDAYANI (PERSERO) TBK
OSS_217,OSS,2178,6594918684987,PT PRANOWO (PERSERO) TBK
OSS_217,OSS,5103,6594918684987,PT PRANOWO (PERSERO) TBK
OSS_218,OSS,2197,1927054874870,CV NURDIYANTI RAHIMAH TBK
OSS_218,OSS,5326,1927054874870,CV NURDIYANTI RAHIMAH TBK
OSS_219,OSS,2200,7142432111902,PERUM USADA
OSS_219,OSS,5351,7142432111902,PERUM USADA
OSS_220,OSS,5384,4849186146288,CV PRASETYA (PERSERO) TBK
OSS_220,OSS,2205,4849186146288,CV PRASETYA (PERSERO) TBK
OSS_221,OSS,5275,0276327223736,CV FUJIATI
OSS_221,OSS,2214,0276327223736,CV FUJIATI
OSS_222,OSS,5049,7150451967877,PERUM MEGANTARA
OSS_222,OSS,2223,7150451967877,PERUM MEGANTARA
OSS_223,OSS,5025,7586373533270,PERUM MARDHIYAH WIJAYANTI
OSS_223,OSS,2227,7586373533270,PERUM MARDHIYAH WIJAYANTI
OSS_224,OSS,2232,2453960424081,PERUM PUDJIASTUTI USAMAH
OSS_224,OSS,5182,2453960424081,PERUM PUDJIASTUTI USAMAH
OSS_225,OSS,2241,8796746726986,CV SANTOSO
OSS_225,OSS,5246,8796746726986,CV SANTOSO
OSS_226,OSS,5371,6782360842296,PERUM SINAGA (PERSERO) TBK
OSS_226,OSS,2247,6782360842296,PERUM SINAGA (PERSERO) TBK
OSS_227,OSS,5218,1014602353596,PD NASYIAH PRAKASA
OSS_227,OSS,2253,1014602353596,PD NASYIAH PRAKASA
OSS_228,OSS,5288,0345446843210,PERUM FARIDA (PERSERO) TBK
OSS_228,OSS,2270,0345446843210,PERUM FARIDA (PERSERO) TBK
OSS_229,OSS,2274,6072032489323,UD WIJAYA SALAHUDIN TBK
OSS_229,OSS,5116,6072032489323,UD WIJAYA SALAHUDIN TBK
OSS_230,OSS,5298,5153121413829,PERUM HIDAYAT NOVITASARI
OSS_230,OSS,2279,5153121413829,PERUM HIDAYAT NOVITASARI
OSS_231,OSS,5003,0021512851368,PT NAJMUDIN (PERSERO) TBK
OSS_231,OSS,2286,0021512851368,PT NAJMUDIN (PERSERO) TBK
OSS_232,OSS,2293,2880736649706,UD NASHIRUDDIN TBK
OSS_232,OSS,5119,2880736649706,UD NASHIRUDDIN TBK
OSS_233,OSS,5056,7110340207361,PD PRABOWO PURWANTI
OSS_233,OSS,2309,7110340207361,PD PRABOWO PURWANTI
OSS_234,OSS,2323,7781341452448,PERUM MELANI (PERSERO) TBK
OSS_234,OSS,5470,7781341452448,PERUM MELANI (PERSERO) TBK
OSS_235,OSS,5160,9308989309222,PERUM NUGROHO
OSS_235,OSS,2371,9308989309222,PERUM NUGROHO
OSS_236,OSS,2376,3928866898010,CV SALAHUDIN TBK
OSS_236,OSS,5284,3928866898010,CV SALAHUDIN TBK
OSS_237,OSS,5344,5588348564327,UD GUNAWAN
OSS_237,OSS,2420,5588348564327,UD GUNAWAN
OSS_238,OSS,2424,0666178088644,UD TARIHORAN TBK
OSS_238,OSS,5337,0666178088644,UD TARIHORAN TBK
OSS_239,OSS,2425,4250122915353,UD RAHMAWATI LAZUARDI
OSS_239,OSS,5085,4250122915353,UD RAHMAWATI LAZUARDI
OSS_240,OSS,5267,1004924601285,PD WIDODO
OSS_240,OSS,2463,1004924601285,PD WIDODO
OSS_241,OSS,5111,8099491943733,UD ADRIANSYAH HUTAPEA
OSS_241,OSS,2487,8099491943733,UD ADRIANSYAH HUTAPEA
OSS_242,OSS,5152,1059734468500,PERUM WIBOWO NASHIRUDDIN
OSS_242,OSS,2509,1059734468500,PERUM WIBOWO NASHIRUDDIN
OSS_243,OSS,2520,1364689068878,PERUM HALIMAH
OSS_243,OSS,5396,1364689068878,PERUM HALIMAH
OSS_244,OSS,5216,0928810423852,PT UYAINAH (PERSERO) TBK
OSS_244,OSS,2529,0928810423852,PT UYAINAH (PERSERO) TBK
OSS_245,OSS,5416,2040324044012,PD SIHOMBING IRAWAN TBK
OSS_245,OSS,2535,2040324044012,PD SIHOMBING IRAWAN TBK
OSS_246,OSS,5009,7247660531397,PERUM RAJATA
OSS_246,OSS,2542,7247660531397,PERUM RAJATA
OSS_247,OSS,2548,6660588095924,CV MARBUN KUSMAWATI (PERSERO) TBK
OSS_247,OSS,5054,6660588095924,CV MARBUN KUSMAWATI (PERSERO) TBK
OSS_248,OSS,2553,6589884386844,PT YULIANTI JANUAR
OSS_248,OSS,5341,6589884386844,PT YULIANTI JANUAR
OSS_249,OSS,5109,9656084695449,UD USADA
OSS_249,OSS,2591,9656084695449,UD USADA
OSS_250,OSS,2596,7579015508806,PT HUTAGALUNG (PERSERO) TBK
OSS_250,OSS,5279,7579015508806,PT HUTAGALUNG (PERSERO) TBK
OSS_251,OSS,5016,2950336936834,UD HABIBI SITUMORANG
OSS_251,OSS,2598,2950336936834,UD HABIBI SITUMORANG
OSS_252,OSS,5410,7531779105372,PT LAKSITA SIREGAR
OSS_252,OSS,2606,7531779105372,PT LAKSITA SIREGAR
OSS_253,OSS,5467,1733016548765,UD HASTUTI UYAINAH TBK
OSS_253,OSS,2614,1733016548765,UD HASTUTI UYAINAH TBK
OSS_254,OSS,2617,7961990979896,PT ANGGRAINI (PERSERO) TBK
OSS_254,OSS,5325,7961990979896,PT ANGGRAINI (PERSERO) TBK
OSS_255,OSS,2632,6203744571991,UD ARDIANTO
OSS_255,OSS,5075,6203744571991,UD ARDIANTO
OSS_256,OSS,2635,8012063357599,PT YULIARTI
OSS_256,OSS,5333,8012063357599,PT YULIARTI
OSS_257,OSS,2640,9959241971665,CV ADRIANSYAH
OSS_257,OSS,5291,9959241971665,CV ADRIANSYAH
OSS_258,OSS,5089,3353336941751,UD PRANOWO BUDIYANTO (PERSERO) TBK
OSS_258,OSS,2645,3353336941751,UD PRANOWO BUDIYANTO (PERSERO) TBK
OSS_259,OSS,5107,4578449023077,CV KUSWOYO TBK
OSS_259,OSS,2668,4578449023077,CV KUSWOYO TBK
OSS_260,OSS,2682,6015008585491,PD HASANAH NAPITUPULU (PERSERO) TBK
OSS_260,OSS,5365,6015008585491,PD HASANAH NAPITUPULU (PERSERO) TBK
OSS_261,OSS,5349,6145018187850,PERUM YUNIAR PADMASARI TBK
OSS_261,OSS,2686,6145018187850,PERUM YUNIAR PADMASARI TBK
OSS_262,OSS,5144,9864840927029,PT HASTUTI WAHYUNI
OSS_262,OSS,2694,9864840927029,PT HASTUTI WAHYUNI
OSS_263,OSS,2697,0895710706114,PT HARYANTI
OSS_263,OSS,5033,0895710706114,PT HARYANTI
OSS_264,OSS,2707,4840042109979,CV KUSWOYO THAMRIN
OSS_264,OSS,5166,4840042109979,CV KUSWOYO THAMRIN
OSS_265,OSS,2712,3751220721598,UD BUDIMAN
OSS_265,OSS,5212,3751220721598,UD BUDIMAN
OSS_266,OSS,2713,1337800684096,PERUM BUDIMAN (PERSERO) TBK
OSS_266,OSS,5127,1337800684096,PERUM BUDIMAN (PERSERO) TBK
OSS_267,OSS,2720,1305972533249,UD PADMASARI (PERSERO) TBK
OSS_267,OSS,5422,1305972533249,UD PADMASARI (PERSERO) TBK
OSS_268,OSS,2721,0228540402616,PERUM HARYANTO NASYIDAH
OSS_268,OSS,5414,0228540402616,PERUM HARYANTO NASYIDAH
OSS_269,OSS,5261,8828105925121,PT SITUMORANG WIJAYANTI
OSS_269,OSS,2727,8828105925121,PT SITUMORANG WIJAYANTI
OSS_270,OSS,2728,5636300433590,PERUM UYAINAH
OSS_270,OSS,5346,5636300433590,PERUM UYAINAH
OSS_271,OSS,2756,3276289082371,PT PANGESTU
OSS_271,OSS,5181,3276289082371,PT PANGESTU
OSS_272,OSS,2760,7567538668814,PT LATUPONO WAHYUDIN (PERSERO) TBK
OSS_272,OSS,5020,7567538668814,PT LATUPONO WAHYUDIN (PERSERO) TBK
OSS_273,OSS,5121,4442839632470,PD NUGROHO TBK
OSS_273,OSS,2811,4442839632470,PD NUGROHO TBK
OSS_274,OSS,5280,4054649859017,PT WIJAYA
OSS_274,OSS,2815,4054649859017,PT WIJAYA
OSS_275,OSS,2859,3400267161727,PD FUJIATI TBK
OSS_275,OSS,5407,3400267161727,PD FUJIATI TBK
OSS_276,OSS,5289,1229439715010,UD SITOMPUL FIRMANSYAH
OSS_276,OSS,2869,1229439715010,UD SITOMPUL FIRMANSYAH
OSS_277,OSS,5281,8162667141682,PT SUARTINI TBK
OSS_277,OSS,2877,8162667141682,PT SUARTINI TBK
OSS_278,OSS,5417,2151970962731,PERUM SIHOMBING MARBUN
OSS_278,OSS,2878,2151970962731,PERUM SIHOMBING MARBUN
OSS_279,OSS,2880,9278125983399,PT UTAMI
OSS_279,OSS,5195,9278125983399,PT UTAMI
OSS_280,OSS,5363,7415507576449,PD LAKSITA LAKSMIWATI
OSS_280,OSS,2887,7415507576449,PD LAKSITA LAKSMIWATI
OSS_281,OSS,5300,8546413728112,PT WAHYUNI MARYATI
OSS_281,OSS,2894,8546413728112,PT WAHYUNI MARYATI
OSS_282,OSS,2899,6625103153087,PT PALASTRI SANTOSO TBK
OSS_282,OSS,5173,6625103153087,PT PALASTRI SANTOSO TBK
OSS_283,OSS,5313,7064108091072,PT ISWAHYUDI (PERSERO) TBK
OSS_283,OSS,2900,7064108091072,PT ISWAHYUDI (PERSERO) TBK
OSS_284,OSS,2906,7567453770964,PT UYAINAH
OSS_284,OSS,5205,7567453770964,PT UYAINAH
OSS_285,OSS,2907,1442381454032,PERUM MULYANI
OSS_285,OSS,5439,1442381454032,PERUM MULYANI
OSS_286,OSS,2918,5993178587873,UD KUSWOYO
OSS_286,OSS,5343,5993178587873,UD KUSWOYO
OSS_287,OSS,2944,1270736620627,PD MANULLANG TBK
OSS_287,OSS,5083,1270736620627,PD MANULLANG TBK
OSS_288,OSS,5077,9389833337873,UD JANUAR MARDHIYAH (PERSERO) TBK
OSS_288,OSS,2950,9389833337873,UD JANUAR MARDHIYAH (PERSERO) TBK
OSS_289,OSS,2962,0858752193269,PT PRANOWO TBK
OSS_289,OSS,5415,0858752193269,PT PRANOWO TBK
OSS_290,OSS,2968,5474329955755,PT SIREGAR
OSS_290,OSS,5463,5474329955755,PT SIREGAR
OSS_291,OSS,5336,3736230576207,PT MULYANI PERTIWI TBK
OSS_291,OSS,2975,3736230576207,PT MULYANI PERTIWI TBK
OSS_292,OSS,5367,8514120119067,CV MARYADI NATSIR
OSS_292,OSS,2983,8514120119067,CV MARYADI NATSIR
OSS_293,OSS,5244,1944746905792,PT NAMAGA TBK
OSS_293,OSS,2989,1944746905792,PT NAMAGA TBK
OSS_294,OSS,3012,0729428981166,PERUM WIJAYA ZULKARNAIN (PERSERO) TBK
OSS_294,OSS,5055,0729428981166,PERUM WIJAYA ZULKARNAIN (PERSERO) TBK
OSS_295,OSS,5048,0770236810463,PD NATSIR
OSS_295,OSS,3027,0770236810463,PD NATSIR
OSS_296,OSS,3032,3274307667400,PT NABABAN TBK
OSS_296,OSS,5376,3274307667400,PT NABABAN TBK
OSS_297,OSS,5464,8781841476238,UD WIDODO UTAMA TBK
OSS_297,OSS,3036,8781841476238,UD WIDODO UTAMA TBK
OSS_298,OSS,5472,4557663940819,PT MANDALA PRANOWO
OSS_298,OSS,3041,4557663940819,PT MANDALA PRANOWO
OSS_299,OSS,5059,0660116558651,CV PANGESTU PUDJIASTUTI
OSS_299,OSS,3045,0660116558651,CV PANGESTU PUDJIASTUTI
OSS_300,OSS,3065,0912602870071,PD SITORUS
OSS_300,OSS,5129,0912602870071,PD SITORUS
OSS_301,OSS,5110,8353485842556,UD USAMAH ISWAHYUDI
OSS_301,OSS,3087,8353485842556,UD USAMAH ISWAHYUDI
OSS_302,OSS,5498,1184487890529,PT UTAMA HASANAH (PERSERO) TBK
OSS_302,OSS,3094,1184487890529,PT UTAMA HASANAH (PERSERO) TBK
OSS_303,OSS,5378,0725093330206,CV WINARNO (PERSERO) TBK
OSS_303,OSS,3102,0725093330206,CV WINARNO (PERSERO) TBK
OSS_304,OSS,5435,9886453868451,PERUM RAJASA
OSS_304,OSS,3123,9886453868451,PERUM RAJASA
OSS_305,OSS,3160,3287078961783,PT BUDIMAN
OSS_305,OSS,5143,3287078961783,PT BUDIMAN
OSS_306,OSS,5225,7793864047042,UD HUTASOIT (PERSERO) TBK
OSS_306,OSS,3175,7793864047042,UD HUTASOIT (PERSERO) TBK
OSS_307,OSS,3180,9377533594095,PT HARDIANSYAH FIRMANSYAH TBK
OSS_307,OSS,5271,9377533594095,PT HARDIANSYAH FIRMANSYAH TBK
OSS_308,OSS,5382,5414238614509,PD PERTIWI IRAWAN TBK
OSS_308,OSS,3183,5414238614509,PD PERTIWI IRAWAN TBK
OSS_309,OSS,3185,6344556582476,PERUM RAMADAN
OSS_309,OSS,5220,6344556582476,PERUM RAMADAN
OSS_310,OSS,3195,8753741260026,CV SIHOTANG
OSS_310,OSS,5023,8753741260026,CV SIHOTANG
OSS_311,OSS,3210,7071992575117,PT MARYATI (PERSERO) TBK
OSS_311,OSS,5380,7071992575117,PT MARYATI (PERSERO) TBK
OSS_312,OSS,3216,1672336935107,PT WAHYUNI
OSS_312,OSS,5223,1672336935107,PT WAHYUNI
OSS_313,OSS,3217,0946174556378,CV PADMASARI WULANDARI (PERSERO) TBK
OSS_313,OSS,5029,0946174556378,CV PADMASARI WULANDARI (PERSERO) TBK
OSS_314,OSS,3219,7552303350123,PERUM HARDIANSYAH JAILANI (PERSERO) TBK
OSS_314,OSS,5461,7552303350123,PERUM HARDIANSYAH JAILANI (PERSERO) TBK
OSS_315,OSS,5459,4869384137078,PERUM THAMRIN TBK
OSS_315,OSS,3235,4869384137078,PERUM THAMRIN TBK
OSS_316,OSS,3242,8395570160161,PT SIHOMBING
OSS_316,OSS,5391,8395570160161,PT SIHOMBING
OSS_317,OSS,5448,8250851154947,PD MARYATI
OSS_317,OSS,3257,8250851154947,PD MARYATI
OSS_318,OSS,3288,0622417486006,PD KUSWANDARI
OSS_318,OSS,5372,0622417486006,PD KUSWANDARI
OSS_319,OSS,3297,1587544963242,PT SUSANTI (PERSERO) TBK
OSS_319,OSS,5188,1587544963242,PT SUSANTI (PERSERO) TBK
OSS_320,OSS,5356,8607177545075,PT NOVITASARI
OSS_320,OSS,3325,8607177545075,PT NOVITASARI
OSS_321,OSS,5050,1952098463477,PD SITORUS TBK
OSS_321,OSS,3333,1952098463477,PD SITORUS TBK
OSS_322,OSS,3340,9627718698683,PT LAKSITA
OSS_322,OSS,5262,9627718698683,PT LAKSITA
OSS_323,OSS,5104,0097296782866,UD MANDALA MARPAUNG (PERSERO) TBK
OSS_323,OSS,3353,0097296782866,UD MANDALA MARPAUNG (PERSERO) TBK
OSS_324,OSS,3360,4495718134102,CV SIHOMBING WIDIASTUTI
OSS_324,OSS,5446,4495718134102,CV SIHOMBING WIDIASTUTI
OSS_325,OSS,3380,0941844462042,PERUM MUSTOFA RAHMAWATI
OSS_325,OSS,5327,0941844462042,PERUM MUSTOFA RAHMAWATI
OSS_326,OSS,3387,9876941300871,PERUM SAPTONO TBK
OSS_326,OSS,5237,9876941300871,PERUM SAPTONO TBK
OSS_327,OSS,3392,2678224909342,PT SARAGIH
OSS_327,OSS,5386,2678224909342,PT SARAGIH
OSS_328,OSS,5379,1670214929078,PD YULIANTI RAHAYU (PERSERO) TBK
OSS_328,OSS,3407,1670214929078,PD YULIANTI RAHAYU (PERSERO) TBK
OSS_329,OSS,3418,3535423653755,UD WIJAYA (PERSERO) TBK
OSS_329,OSS,5250,3535423653755,UD WIJAYA (PERSERO) TBK
OSS_330,OSS,3426,7259673475317,UD RAHMAWATI SAEFULLAH (PERSERO) TBK
OSS_330,OSS,5307,7259673475317,UD RAHMAWATI SAEFULLAH (PERSERO) TBK
OSS_331,OSS,3432,6605226124713,CV KUSMAWATI (PERSERO) TBK
OSS_331,OSS,5183,6605226124713,CV KUSMAWATI (PERSERO) TBK
OSS_332,OSS,5234,0695351717118,PERUM NURAINI HASTUTI TBK
OSS_332,OSS,3446,0695351717118,PERUM NURAINI HASTUTI TBK
OSS_333,OSS,5377,1246488078899,UD USADA PUTRA
OSS_333,OSS,3452,1246488078899,UD USADA PUTRA
OSS_334,OSS,5296,9553945345238,UD PERMADI
OSS_334,OSS,3460,9553945345238,UD PERMADI
OSS_335,OSS,5387,2798405827345,PT UTAMI MARPAUNG TBK
OSS_335,OSS,3470,2798405827345,PT UTAMI MARPAUNG TBK
OSS_336,OSS,3489,0910036675808,PD FUJIATI (PERSERO) TBK
OSS_336,OSS,5297,0910036675808,PD FUJIATI (PERSERO) TBK
OSS_337,OSS,5139,0342289951824,PERUM HUTAPEA
OSS_337,OSS,3495,0342289951824,PERUM HUTAPEA
OSS_338,OSS,5146,7784251081658,PERUM RAJASA TAMBA
OSS_338,OSS,3499,7784251081658,PERUM RAJASA TAMBA
OSS_339,OSS,3504,6289480633518,PD TAMBA PALASTRI (PERSERO) TBK
OSS_339,OSS,5240,6289480633518,PD TAMBA PALASTRI (PERSERO) TBK
OSS_340,OSS,3518,5564199039709,PT PERMATA PRAKASA
OSS_340,OSS,5311,5564199039709,PT PERMATA PRAKASA
OSS_341,OSS,3531,3632493845715,CV HASTUTI (PERSERO) TBK
OSS_341,OSS,5165,3632493845715,CV HASTUTI (PERSERO) TBK
OSS_342,OSS,3536,6365675696542,PD LAKSITA (PERSERO) TBK
OSS_342,OSS,5474,6365675696542,PD LAKSITA (PERSERO) TBK
OSS_343,OSS,3540,7359728046674,PERUM MANGUNSONG TBK
OSS_343,OSS,5381,7359728046674,PERUM MANGUNSONG TBK
OSS_344,OSS,3545,6966671563075,UD JANUAR
OSS_344,OSS,5204,6966671563075,UD JANUAR
OSS_345,OSS,5235,0503182736921,PT RAHAYU SALAHUDIN
OSS_345,OSS,3548,0503182736921,PT RAHAYU SALAHUDIN
OSS_346,OSS,5082,5680963489365,CV SIHOMBING SAMOSIR (PERSERO) TBK
OSS_346,OSS,3565,5680963489365,CV SIHOMBING SAMOSIR (PERSERO) TBK
OSS_347,OSS,3569,3598860000046,UD WINARSIH PADMASARI
OSS_347,OSS,5037,3598860000046,UD WINARSIH PADMASARI
OSS_348,OSS,5249,2132588076129,CV NAPITUPULU GUNAWAN
OSS_348,OSS,3572,2132588076129,CV NAPITUPULU GUNAWAN
OSS_349,OSS,3590,2594373591815,PT ASTUTI WIDODO
OSS_349,OSS,5319,2594373591815,PT ASTUTI WIDODO
OSS_350,OSS,5128,8938135246247,UD PRASETYO
OSS_350,OSS,3639,8938135246247,UD PRASETYO
OSS_351,OSS,3640,9779109922089,PT PRASASTA
OSS_351,OSS,5004,9779109922089,PT PRASASTA
OSS_352,OSS,3649,4657602491246,PERUM SANTOSO SIMBOLON TBK
OSS_352,OSS,5067,4657602491246,PERUM SANTOSO SIMBOLON TBK
OSS_353,OSS,3665,0666064064627,PT ANGGRAINI WULANDARI
OSS_353,OSS,5402,0666064064627,PT ANGGRAINI WULANDARI
OSS_354,OSS,5035,1651424329429,PD NAINGGOLAN YULIARTI
OSS_354,OSS,3685,1651424329429,PD NAINGGOLAN YULIARTI
OSS_355,OSS,5136,8789708746740,UD RAHAYU WALUYO TBK
OSS_355,OSS,3687,8789708746740,UD RAHAYU WALUYO TBK
OSS_356,OSS,5032,7715787293060,PD PRADIPTA TBK
OSS_356,OSS,3697,7715787293060,PD PRADIPTA TBK
OSS_357,OSS,3699,5948307413991,PD MULYANI JAILANI (PERSERO) TBK
OSS_357,OSS,5095,5948307413991,PD MULYANI JAILANI (PERSERO) TBK
OSS_358,OSS,3704,3404665046382,PD LAKSMIWATI TBK
OSS_358,OSS,5058,3404665046382,PD LAKSMIWATI TBK
OSS_359,OSS,5120,8215658868022,CV UTAMI TBK
OSS_359,OSS,3707,8215658868022,CV UTAMI TBK
OSS_360,OSS,3708,6018357841708,UD LAILASARI YULIANTI
OSS_360,OSS,5431,6018357841708,UD LAILASARI YULIANTI
OSS_361,OSS,5482,7605878917639,PD RAJASA
OSS_361,OSS,3740,7605878917639,PD RAJASA
OSS_362,OSS,3810,4423701415510,PD SIMANJUNTAK
OSS_362,OSS,5299,4423701415510,PD SIMANJUNTAK
OSS_363,OSS,3817,0623050478277,PT SIMANJUNTAK TBK
OSS_363,OSS,5198,0623050478277,PT SIMANJUNTAK TBK
OSS_364,OSS,5210,2362784237405,CV PUSPASARI WIJAYA TBK
OSS_364,OSS,3831,2362784237405,CV PUSPASARI WIJAYA TBK
OSS_365,OSS,3835,5231335862685,CV ANGGRAINI SALAHUDIN TBK
OSS_365,OSS,5247,5231335862685,CV ANGGRAINI SALAHUDIN TBK
OSS_366,OSS,3844,2018732856580,CV MELANI HIDAYANTO (PERSERO) TBK
OSS_366,OSS,5094,2018732856580,CV MELANI HIDAYANTO (PERSERO) TBK
OSS_367,OSS,5194,6089736547746,PT HIDAYANTO
OSS_367,OSS,3846,6089736547746,PT HIDAYANTO
OSS_368,OSS,5084,1460025300958,PT TARIHORAN
OSS_368,OSS,3847,1460025300958,PT TARIHORAN
OSS_369,OSS,3848,7495035449253,UD YOLANDA GUNAWAN (PERSERO) TBK
OSS_369,OSS,5400,7495035449253,UD YOLANDA GUNAWAN (PERSERO) TBK
OSS_370,OSS,3859,7883584341765,PD PRADANA ADRIANSYAH TBK
OSS_370,OSS,5285,7883584341765,PD PRADANA ADRIANSYAH TBK
OSS_371,OSS,3864,8586490796184,PT NAPITUPULU NASHIRUDDIN (PERSERO) TBK
OSS_371,OSS,5086,8586490796184,PT NAPITUPULU NASHIRUDDIN (PERSERO) TBK
OSS_372,OSS,5335,9470281623659,CV MARYADI WAHYUNI TBK
OSS_372,OSS,3871,9470281623659,CV MARYADI WAHYUNI TBK
OSS_373,OSS,3890,4832348634152,PERUM PRATAMA MAHESWARA (PERSERO) TBK
OSS_373,OSS,5126,4832348634152,PERUM PRATAMA MAHESWARA (PERSERO) TBK
OSS_374,OSS,5314,9538377929574,PT PADMASARI
OSS_374,OSS,3903,9538377929574,PT PADMASARI
OSS_375,OSS,5425,8532662528716,PERUM WASITA
OSS_375,OSS,3907,8532662528716,PERUM WASITA
OSS_376,OSS,5176,3462580419111,PERUM NASHIRUDDIN ZULKARNAIN (PERSERO) TBK
OSS_376,OSS,3915,3462580419111,PERUM NASHIRUDDIN ZULKARNAIN (PERSERO) TBK
OSS_377,OSS,3917,0452369238220,PERUM LAILASARI PURNAWATI
OSS_377,OSS,5175,0452369238220,PERUM LAILASARI PURNAWATI
OSS_378,OSS,3920,2719670310537,PT HANDAYANI
OSS_378,OSS,5233,2719670310537,PT HANDAYANI
OSS_379,OSS,3928,2261673366053,PT SIHOMBING HAKIM
OSS_379,OSS,5102,2261673366053,PT SIHOMBING HAKIM
OSS_380,OSS,5026,6572118728843,PT HARDIANSYAH UYAINAH (PERSERO) TBK
OSS_380,OSS,3946,6572118728843,PT HARDIANSYAH UYAINAH (PERSERO) TBK
OSS_381,OSS,3984,2427810830007,PD ZULKARNAIN SITOMPUL (PERSERO) TBK
OSS_381,OSS,5357,2427810830007,PD ZULKARNAIN SITOMPUL (PERSERO) TBK
OSS_382,OSS,3990,7738345365359,PD UWAIS (PERSERO) TBK
OSS_382,OSS,5383,7738345365359,PD UWAIS (PERSERO) TBK
OSS_383,OSS,4013,3463184761240,UD PALASTRI PRAKASA
OSS_383,OSS,5254,3463184761240,UD PALASTRI PRAKASA
OSS_384,OSS,4032,2733450563538,PT SETIAWAN NOVITASARI TBK
OSS_384,OSS,5455,2733450563538,PT SETIAWAN NOVITASARI TBK
OSS_385,OSS,4048,2730140850708,PT YUNIAR HALIMAH TBK
OSS_385,OSS,5342,2730140850708,PT YUNIAR HALIMAH TBK
OSS_386,OSS,4050,7959709321418,PD TAMPUBOLON (PERSERO) TBK
OSS_386,OSS,5340,7959709321418,PD TAMPUBOLON (PERSERO) TBK
OSS_387,OSS,5135,1226061424586,UD LAKSITA PERTIWI TBK
OSS_387,OSS,4071,1226061424586,UD LAKSITA PERTIWI TBK
OSS_388,OSS,4072,3330773753474,PERUM WINARNO WASITA (PERSERO) TBK
OSS_388,OSS,5397,3330773753474,PERUM WINARNO WASITA (PERSERO) TBK
OSS_389,OSS,4096,3943586213184,PD WINARSIH
OSS_389,OSS,5468,3943586213184,PD WINARSIH
OSS_390,OSS,4099,5073535324449,PERUM PRASETYO (PERSERO) TBK
OSS_390,OSS,5430,5073535324449,PERUM PRASETYO (PERSERO) TBK
OSS_391,OSS,5213,2554904184586,CV TARIHORAN (PERSERO) TBK
OSS_391,OSS,4125,2554904184586,CV TARIHORAN (PERSERO) TBK
OSS_392,OSS,5330,5577543729541,PERUM KUSMAWATI (PERSERO) TBK
OSS_392,OSS,4141,5577543729541,PERUM KUSMAWATI (PERSERO) TBK
OSS_393,OSS,4146,1976588608125,PT MAULANA SAEFULLAH (PERSERO) TBK
OSS_393,OSS,5046,1976588608125,PT MAULANA SAEFULLAH (PERSERO) TBK
OSS_394,OSS,5027,2785821062612,PT HUTASOIT (PERSERO) TBK
OSS_394,OSS,4156,2785821062612,PT HUTASOIT (PERSERO) TBK
OSS_395,OSS,5150,0677330665562,CV PRASASTA KUSMAWATI (PERSERO) TBK
OSS_395,OSS,4159,0677330665562,CV PRASASTA KUSMAWATI (PERSERO) TBK
OSS_396,OSS,4160,3570007116917,CV ZULAIKA
OSS_396,OSS,5217,3570007116917,CV ZULAIKA
OSS_397,OSS,4168,6328396775729,PT YOLANDA
OSS_397,OSS,5458,6328396775729,PT YOLANDA
OSS_398,OSS,5012,8675683633319,CV LESTARI
OSS_398,OSS,4206,8675683633319,CV LESTARI
OSS_399,OSS,5174,2820155067520,CV GUNARTO
OSS_399,OSS,4207,2820155067520,CV GUNARTO
OSS_400,OSS,4233,7696972900643,PT HUTAPEA (PERSERO) TBK
OSS_400,OSS,5277,7696972900643,PT HUTAPEA (PERSERO) TBK
OSS_401,OSS,4235,2555992853387,UD LAKSITA (PERSERO) TBK
OSS_401,OSS,5191,2555992853387,UD LAKSITA (PERSERO) TBK
OSS_402,OSS,5312,1887223530336,PD THAMRIN TBK
OSS_402,OSS,4244,1887223530336,PD THAMRIN TBK
OSS_403,OSS,4252,0442416607299,PD ZULKARNAIN NATSIR (PERSERO) TBK
OSS_403,OSS,5469,0442416607299,PD ZULKARNAIN NATSIR (PERSERO) TBK
OSS_404,OSS,4273,4962278761870,CV PERMADI NASHIRUDDIN (PERSERO) TBK
OSS_404,OSS,5044,4962278761870,CV PERMADI NASHIRUDDIN (PERSERO) TBK
OSS_405,OSS,5434,9195639386516,PT DONGORAN TBK
OSS_405,OSS,4278,9195639386516,PT DONGORAN TBK
OSS_406,OSS,5368,8149188243675,PT RAHMAWATI GUNARTO
OSS_406,OSS,4283,8149188243675,PT RAHMAWATI GUNARTO
OSS_407,OSS,4288,0974502145311,UD PRADANA RIYANTI (PERSERO) TBK
OSS_407,OSS,5392,0974502145311,UD PRADANA RIYANTI (PERSERO) TBK
OSS_408,OSS,4299,0021005809982,PERUM USADA SIREGAR (PERSERO) TBK
OSS_408,OSS,5412,0021005809982,PERUM USADA SIREGAR (PERSERO) TBK
OSS_409,OSS,5272,7500956148801,UD MANSUR (PERSERO) TBK
OSS_409,OSS,4315,7500956148801,UD MANSUR (PERSERO) TBK
OSS_410,OSS,5017,9367535946457,PERUM ASTUTI (PERSERO) TBK
OSS_410,OSS,4316,9367535946457,PERUM ASTUTI (PERSERO) TBK
OSS_411,OSS,4330,7840168897274,CV SETIAWAN NASYIAH TBK
OSS_411,OSS,5010,7840168897274,CV SETIAWAN NASYIAH TBK
OSS_412,OSS,4348,1256248781993,UD SIRAIT
OSS_412,OSS,5221,1256248781993,UD SIRAIT
OSS_413,OSS,5163,9625608108578,PERUM YULIANTI HUTAPEA
OSS_413,OSS,4355,9625608108578,PERUM YULIANTI HUTAPEA
OSS_414,OSS,5276,7831269223966,PD HARYANTO
OSS_414,OSS,4367,7831269223966,PD HARYANTO
OSS_415,OSS,4376,6603339790588,PD MANDALA TBK
OSS_415,OSS,5064,6603339790588,PD MANDALA TBK
OSS_416,OSS,4410,0130996622906,CV NATSIR YOLANDA TBK
OSS_416,OSS,5395,0130996622906,CV NATSIR YOLANDA TBK
OSS_417,OSS,4412,6844351086838,UD JAILANI OKTAVIANI
OSS_417,OSS,5263,6844351086838,UD JAILANI OKTAVIANI
OSS_418,OSS,4434,4300283066862,PD FIRMANSYAH
OSS_418,OSS,5493,4300283066862,PD FIRMANSYAH
OSS_419,OSS,4441,5887138111844,CV MULYANI
OSS_419,OSS,5452,5887138111844,CV MULYANI
OSS_420,OSS,5411,5928265509348,PD YULIANTI WAHYUNI (PERSERO) TBK
OSS_420,OSS,4447,5928265509348,PD YULIANTI WAHYUNI (PERSERO) TBK
OSS_421,OSS,5453,0757196861767,PT KURNIAWAN TBK
OSS_421,OSS,4462,0757196861767,PT KURNIAWAN TBK
OSS_422,OSS,5203,1627308312096,PERUM RAHMAWATI PANGESTU TBK
OSS_422,OSS,4467,1627308312096,PERUM RAHMAWATI PANGESTU TBK
OSS_423,OSS,5202,3584677576018,CV ZULKARNAIN PADMASARI
OSS_423,OSS,4471,3584677576018,CV ZULKARNAIN PADMASARI
OSS_424,OSS,5290,6938102102518,PERUM NARPATI KUSUMO
OSS_424,OSS,4502,6938102102518,PERUM NARPATI KUSUMO
OSS_425,OSS,4512,3812904214080,PT ANGGRIAWAN WIJAYA (PERSERO) TBK
OSS_425,OSS,5131,3812904214080,PT ANGGRIAWAN WIJAYA (PERSERO) TBK
OSS_426,OSS,4513,8073046374753,CV NURDIYANTI ZULKARNAIN TBK
OSS_426,OSS,5445,8073046374753,CV NURDIYANTI ZULKARNAIN TBK
OSS_427,OSS,4521,9818853444859,UD NUGROHO
OSS_427,OSS,5011,9818853444859,UD NUGROHO
OSS_428,OSS,4536,1629885774483,PERUM DAMANIK (PERSERO) TBK
OSS_428,OSS,5401,1629885774483,PERUM DAMANIK (PERSERO) TBK
OSS_429,OSS,4538,2045315703390,PD MANGUNSONG
OSS_429,OSS,5437,2045315703390,PD MANGUNSONG
OSS_430,OSS,4539,0372766397599,PT YUNIAR SURYATMI
OSS_430,OSS,5444,0372766397599,PT YUNIAR SURYATMI
OSS_431,OSS,4545,0264187238969,PT SIMBOLON PRASTUTI TBK
OSS_431,OSS,5051,0264187238969,PT SIMBOLON PRASTUTI TBK
OSS_432,OSS,4546,8116680964860,PERUM ISWAHYUDI (PERSERO) TBK
OSS_432,OSS,5405,8116680964860,PERUM ISWAHYUDI (PERSERO) TBK
OSS_433,OSS,5394,2110231038086,CV WIDODO
OSS_433,OSS,4548,2110231038086,CV WIDODO
OSS_434,OSS,5081,7672710678853,PERUM SUSANTI UYAINAH (PERSERO) TBK
OSS_434,OSS,4558,7672710678853,PERUM SUSANTI UYAINAH (PERSERO) TBK
OSS_435,OSS,4616,6407205158533,PT ISWAHYUDI PRATIWI
OSS_435,OSS,5306,6407205158533,PT ISWAHYUDI PRATIWI
OSS_436,OSS,5034,9035911014152,CV SIHOTANG GUNAWAN
OSS_436,OSS,4644,9035911014152,CV SIHOTANG GUNAWAN
OSS_437,OSS,4656,1313071695215,PERUM NAINGGOLAN SAEFULLAH (PERSERO) TBK
OSS_437,OSS,5060,1313071695215,PERUM NAINGGOLAN SAEFULLAH (PERSERO) TBK
OSS_438,OSS,4660,9283881298562,PT YULIARTI (PERSERO) TBK
OSS_438,OSS,5045,9283881298562,PT YULIARTI (PERSERO) TBK
OSS_439,OSS,4668,7086382988524,PERUM PERMADI
OSS_439,OSS,5269,7086382988524,PERUM PERMADI
OSS_440,OSS,4676,0065232113230,UD SAEFULLAH ANGGRIAWAN
OSS_440,OSS,5231,0065232113230,UD SAEFULLAH ANGGRIAWAN
OSS_441,OSS,5243,3939925358161,PERUM HASTUTI SUDIATI
OSS_441,OSS,4677,3939925358161,PERUM HASTUTI SUDIATI
OSS_442,OSS,4678,1162611713223,PD SAEFULLAH HUTASOIT
OSS_442,OSS,5487,1162611713223,PD SAEFULLAH HUTASOIT
OSS_443,OSS,5317,1915879200868,PT SAFITRI TBK
OSS_443,OSS,4686,1915879200868,PT SAFITRI TBK
OSS_444,OSS,4688,6910851197664,PERUM SIMBOLON PURNAWATI TBK
OSS_444,OSS,5100,6910851197664,PERUM SIMBOLON PURNAWATI TBK
OSS_445,OSS,5438,6474682122797,PERUM LESTARI SIRAIT (PERSERO) TBK
OSS_445,OSS,4694,6474682122797,PERUM LESTARI SIRAIT (PERSERO) TBK
OSS_446,OSS,5305,3273317841826,PT RIYANTI
OSS_446,OSS,4702,3273317841826,PT RIYANTI
OSS_447,OSS,5088,0128507969147,CV WALUYO HIDAYAT
OSS_447,OSS,4709,0128507969147,CV WALUYO HIDAYAT
OSS_448,OSS,5052,3780143555095,UD ZULKARNAIN HANDAYANI
OSS_448,OSS,4710,3780143555095,UD ZULKARNAIN HANDAYANI
OSS_449,OSS,5328,8747155899254,PERUM PURWANTI
OSS_449,OSS,4716,8747155899254,PERUM PURWANTI
OSS_450,OSS,5170,3400034094884,CV MAULANA ASTUTI
OSS_450,OSS,4732,3400034094884,CV MAULANA ASTUTI
OSS_451,OSS,4747,0160140430445,PD RAHIMAH TBK
OSS_451,OSS,5099,0160140430445,PD RAHIMAH TBK
OSS_452,OSS,4762,6439211921330,PD FARIDA
OSS_452,OSS,5134,6439211921330,PD FARIDA
OSS_453,OSS,5362,0140809912503,CV PURWANTI SURYONO
OSS_453,OSS,4771,0140809912503,CV PURWANTI SURYONO
OSS_454,OSS,5450,9087577774462,PT HIDAYAT NAINGGOLAN
OSS_454,OSS,4775,9087577774462,PT HIDAYAT NAINGGOLAN
OSS_455,OSS,5488,5611527277382,PERUM HALIM PUDJIASTUTI TBK
OSS_455,OSS,4797,5611527277382,PERUM HALIM PUDJIASTUTI TBK
OSS_456,OSS,4801,1244322208775,UD KUSWANDARI
OSS_456,OSS,5151,1244322208775,UD KUSWANDARI
OSS_457,OSS,5108,3572347964690,PERUM HARYANTI PUSPASARI
OSS_457,OSS,4814,3572347964690,PERUM HARYANTI PUSPASARI
OSS_458,OSS,4819,2808475401726,PERUM PADMASARI (PERSERO) TBK
OSS_458,OSS,5302,2808475401726,PERUM PADMASARI (PERSERO) TBK
OSS_459,OSS,4844,2592667503151,UD TAMBA MANGUNSONG (PERSERO) TBK
OSS_459,OSS,5214,2592667503151,UD TAMBA MANGUNSONG (PERSERO) TBK
OSS_460,OSS,4864,6285323319164,PD HARDIANSYAH HIDAYANTO
OSS_460,OSS,5000,6285323319164,PD HARDIANSYAH HIDAYANTO
OSS_461,OSS,5168,0740681740638,PERUM MUSTOFA (PERSERO) TBK
OSS_461,OSS,4870,0740681740638,PERUM MUSTOFA (PERSERO) TBK
OSS_462,OSS,4873,0447853805794,PD PRABOWO TBK
OSS_462,OSS,5031,0447853805794,PD PRABOWO TBK
OSS_463,OSS,4876,9726793468145,CV PUSPASARI (PERSERO) TBK
OSS_463,OSS,5404,9726793468145,CV PUSPASARI (PERSERO) TBK
OSS_464,OSS,5497,3621178643447,CV SIMANJUNTAK LAKSMIWATI
OSS_464,OSS,4878,3621178643447,CV SIMANJUNTAK LAKSMIWATI
OSS_465,OSS,5426,6273752090641,CV NURAINI (PERSERO) TBK
OSS_465,OSS,4883,6273752090641,CV NURAINI (PERSERO) TBK
OSS_466,OSS,5465,1636172967178,PERUM PANGESTU (PERSERO) TBK
OSS_466,OSS,4895,1636172967178,PERUM PANGESTU (PERSERO) TBK
OSS_467,OSS,4902,4072524082416,UD FUJIATI TBK
OSS_467,OSS,5375,4072524082416,UD FUJIATI TBK
OSS_468,OSS,4913,0706720007816,PD LAILASARI
OSS_468,OSS,5409,0706720007816,PD LAILASARI
OSS_469,OSS,4930,3264353471379,CV NARPATI ADRIANSYAH
OSS_469,OSS,5236,3264353471379,CV NARPATI ADRIANSYAH
OSS_470,OSS,4936,1050474410750,UD SUWARNO
OSS_470,OSS,5215,1050474410750,UD SUWARNO
OSS_471,OSS,4937,6200900366802,PD MANDALA ZULKARNAIN
OSS_471,OSS,5132,6200900366802,PD MANDALA ZULKARNAIN
OSS_472,OSS,5370,2429981194412,UD WIDODO MEGANTARA
OSS_472,OSS,4962,2429981194412,UD WIDODO MEGANTARA
OSS_473,OSS,4964,0417881052490,PD MANDALA TBK
OSS_473,OSS,5087,0417881052490,PD MANDALA TBK
OSS_474,OSS,4979,7854138870305,PT NAPITUPULU NAMAGA
OSS_474,OSS,5318,7854138870305,PT NAPITUPULU NAMAGA
OSS_475,OSS,4984,5166406413367,PT SAFITRI (PERSERO) TBK
OSS_475,OSS,5429,5166406413367,PT SAFITRI (PERSERO) TBK
OSS_476,OSS,5433,0329342335519,PD UTAMI HALIM (PERSERO) TBK
OSS_476,OSS,4989,0329342335519,PD UTAMI HALIM (PERSERO) TBK
OSS_477,OSS,5385,6296558174244,UD PERMATA
OSS_477,OSS,4999,6296558174244,UD PERMATA
CEISA_1,CEISA,C003022,7992863082539,PD WAHYUNI
CEISA_1,CEISA,C000878,1342881514739,PD WAHYUNI TBK
CEISA_2,CEISA,C002033,7039395498353,PERUM UTAMA TBK (CABANG)
CEISA_2,CEISA,C003196,8013875927125,PERUM UTAMA TBK
CEISA_3,CEISA,C002119,1228695293821,PD SARAGIH (PERSERO) TBK
CEISA_3,CEISA,C001631,9265003991568,PD SARAGIH (PERSERO) TBK
CEISA_4,CEISA,C000706,2488635922169,PD RAJASA WAHYUDIN
CEISA_4,CEISA,C004283,7605878917639,PD RAJASA
CEISA_5,CEISA,C004016,7558517774127,PERUM HALIM
CEISA_5,CEISA,C001828,0298135283388,PERUM HALIM
CEISA_6,CEISA,C003985,9278125983399,PT UTAMI
CEISA_6,CEISA,C004537,2798405827345,PT UTAMI MARPAUNG TBK
CEISA_7,CEISA,C002752,8224312125588,PERUM HARTATI TBK
CEISA_7,CEISA,C001807,8540303253555,PERUM HARTATI TBK
CEISA_8,CEISA,C003742,3049484142355,PT PUSPASARI PRAKASA (PERSERO) TBK
CEISA_8,CEISA,C003629,3181958837340,PT PUSPASARI (PERSERO) TBK
CEISA_9,CEISA,C003880,3400267161727,PD FUJIATI TBK
CEISA_9,CEISA,C004620,0910036675808,PD FUJIATI (PERSERO) TBK
CEISA_10,CEISA,C003048,1615902879826,PT WINARNO WINARSIH
CEISA_10,CEISA,C000997,7156627768962,PT WINARNO
CEISA_11,CEISA,C000034,1627970669995,CV HARDIANSYAH (PERSERO) TBK
CEISA_11,CEISA,C001124,4665275233282,CV HARDIANSYAH SUWARNO TBK
CEISA_12,CEISA,C001082,4387061154211,PD RAMADAN (PERSERO) TBK
CEISA_12,CEISA,C002327,4099264369025,PD RAMADAN ANGGRIAWAN (PERSERO) TBK
CEISA_12,CEISA,C002560,7476308357289,PD RAMADAN HASANAH (PERSERO) TBK
CEISA_13,CEISA,C004126,5872422749665,ASTUTI (CABANG)
CEISA_13,CEISA,C004064,2594373591815,ASTUTI WIDODO (CABANG)
CEISA_14,CEISA,C002132,9916764032391,PD ASTUTI (PERSERO) TBK
CEISA_14,CEISA,C001625,4676654209866,PD ASTUTI (PERSERO) TBK
CEISA_15,CEISA,C003833,9563797367898,ZULKARNAIN (PERSERO) TBK (CABANG)
CEISA_15,CEISA,C003452,5826096007507,ZULKARNAIN (CABANG)
CEISA_16,CEISA,C004663,3751220721598,UD BUDIMAN
CEISA_16,CEISA,C000743,6199062344565,UD BUDIMAN (PERSERO) TBK
CEISA_17,CEISA,C000482,1887223530336,PD THAMRIN TBK
CEISA_17,CEISA,C000275,1660191090488,PD THAMRIN (PERSERO) TBK
CEISA_18,CEISA,C004038,2719670310537,PT HANDAYANI
CEISA_18,CEISA,C000468,2846168787321,PT HANDAYANI
CEISA_18,CEISA,C004142,4363225032467,PT HANDAYANI TBK
CEISA_18,CEISA,C004872,8569328743420,PT HANDAYANI (PERSERO) TBK
CEISA_19,CEISA,C001046,2674533962599,PD FUJIATI
CEISA_19,CEISA,C004358,6176231336109,PD FUJIATI GUNAWAN (PERSERO) TBK
CEISA_20,CEISA,C000613,6252602216908,PERUM LAILASARI
CEISA_20,CEISA,C003978,8169172314041,PERUM LAILASARI
CEISA_21,CEISA,C004117,7974973502080,PERUM OKTAVIANI TBK
CEISA_21,CEISA,C001697,7044855966333,PERUM OKTAVIANI WIJAYANTI
CEISA_22,CEISA,C001552,2709839654894,UD UWAIS TBK
CEISA_22,CEISA,C004879,9821777695644,UD UWAIS
CEISA_23,CEISA,C001611,7059041179779,PERUM WASITA
CEISA_23,CEISA,C001545,4217254014861,PERUM WASITA BUDIYANTO
CEISA_24,CEISA,C000931,0274925714830,PT PERMATA
CEISA_24,CEISA,C001863,4093942350333,PT PERMATA SIHOMBING
CEISA_25,CEISA,C000264,1673374612157,PD WIDIASTUTI
CEISA_25,CEISA,C000833,0554632182700,PD WIDIASTUTI LAKSITA (PERSERO) TBK
CEISA_25,CEISA,C001011,0588990580814,PD WIDIASTUTI
CEISA_25,CEISA,C002753,2594657446532,PD WIDIASTUTI (PERSERO) TBK
CEISA_25,CEISA,C001892,0195677318842,PD WIDIASTUTI
CEISA_26,CEISA,C001478,4883192727783,CV UTAMI KUSWANDARI
CEISA_26,CEISA,C003590,2816291087392,CV UTAMI
CEISA_27,CEISA,C002691,9448695946368,PERUM WIJAYA
CEISA_27,CEISA,C001983,4837441715810,PERUM WIJAYA
CEISA_28,CEISA,C002144,4175024130078,PD HASSANAH
CEISA_28,CEISA,C003192,7514258074221,PD HASSANAH TBK
CEISA_29,CEISA,C000090,9891050459619,PT NAJMUDIN PRASASTA (PERSERO) TBK
CEISA_29,CEISA,C000069,0021512851368,PT NAJMUDIN (PERSERO) TBK
CEISA_30,CEISA,C004462,0746198164433,PT PUSPASARI
CEISA_30,CEISA,C003989,4533722010912,PT PUSPASARI (PERSERO) TBK
CEISA_30,CEISA,C002457,3285968345116,PT PUSPASARI
CEISA_31,CEISA,C002162,3057543700984,PERUM SIRAIT TBK
CEISA_31,CEISA,C001350,4192291534619,PERUM SIRAIT TBK (CABANG)
CEISA_31,CEISA,C002919,8729276189377,PERUM SIRAIT TBK
CEISA_32,CEISA,C002166,6730400095365,CV HABIBI TBK
CEISA_32,CEISA,C001826,7924642998724,CV HABIBI NABABAN TBK
CEISA_32,CEISA,C001695,2190340438427,CV HABIBI JANUAR
CEISA_33,CEISA,C000191,4959126092033,PT TAMBA
CEISA_33,CEISA,C004119,4176090937164,PT TAMBA (PERSERO) TBK
CEISA_34,CEISA,C002643,9367535946457,PERUM ASTUTI (PERSERO) TBK
CEISA_34,CEISA,C001286,0534749230810,PERUM ASTUTI
CEISA_35,CEISA,C001284,1253685864331,CV SUWARNO TBK
CEISA_35,CEISA,C001912,0093738033837,CV SUWARNO (PERSERO) TBK
CEISA_36,CEISA,C001522,9679495936824,PERUM NATSIR (PERSERO) TBK
CEISA_36,CEISA,C004341,1621856352007,PERUM NATSIR (PERSERO) TBK
CEISA_37,CEISA,C001242,1850880875645,PERUM THAMRIN
CEISA_37,CEISA,C001354,2198041847242,PERUM THAMRIN TAMBA (PERSERO) TBK
CEISA_38,CEISA,C001052,5092628975720,UD RIYANTI (CABANG)
CEISA_38,CEISA,C001041,2695756575964,UD RIYANTI
CEISA_39,CEISA,C003001,0622557841903,PT MULYANI LAKSITA
CEISA_39,CEISA,C003042,5423567782659,PT MULYANI
CEISA_40,CEISA,C004786,6966242823766,UD SUDIATI GUNAWAN
CEISA_40,CEISA,C004017,3484430534475,UD SUDIATI YUNIAR (PERSERO) TBK
CEISA_40,CEISA,C001800,2320690686008,UD SUDIATI
CEISA_41,CEISA,C004754,3707043737514,PERUM LAKSITA TBK
CEISA_41,CEISA,C002108,3678377701436,PERUM LAKSITA (PERSERO) TBK (CABANG)
CEISA_42,CEISA,C002360,0230710564006,UD PRAKASA
CEISA_42,CEISA,C001824,0549857887282,UD PRAKASA
CEISA_43,CEISA,C000592,6627131240132,PD PUSPASARI TBK
CEISA_43,CEISA,C002017,6082474079434,PD PUSPASARI DABUKKE (PERSERO) TBK
CEISA_44,CEISA,C001372,9209819602752,PERUM WIJAYA (PERSERO) TBK
CEISA_44,CEISA,C002543,0168311395001,PERUM WIJAYA NASYIDAH (PERSERO) TBK
CEISA_45,CEISA,C001056,0021005809982,PERUM USADA SIREGAR (PERSERO) TBK
CEISA_45,CEISA,C002599,1632822519642,PERUM USADA (PERSERO) TBK
CEISA_46,CEISA,C004167,6428235984887,CV ASTUTI TBK (CABANG)
CEISA_46,CEISA,C000589,7062962015336,CV ASTUTI
CEISA_46,CEISA,C001421,2324665136442,CV ASTUTI
CEISA_47,CEISA,C001676,0273924678314,PT MARYADI NAPITUPULU TBK
CEISA_47,CEISA,C000296,7447868732071,PT MARYADI
CEISA_48,CEISA,C001506,2265576769523,UD NAPITUPULU (PERSERO) TBK
CEISA_48,CEISA,C000615,5443441491699,UD NAPITUPULU TBK
CEISA_49,CEISA,C000935,2859693259140,PD SITORUS SIRAIT (PERSERO) TBK
CEISA_49,CEISA,C000010,7351851769659,PD SITORUS
CEISA_49,CEISA,C001918,1952098463477,PD SITORUS TBK
CEISA_50,CEISA,C004224,0958635469232,PD MEGANTARA MARYADI (PERSERO) TBK
CEISA_50,CEISA,C003644,8934432801940,PD MEGANTARA
CEISA_51,CEISA,C004644,0615250191779,PERUM HARDIANSYAH TBK
CEISA_51,CEISA,C000648,7552303350123,PERUM HARDIANSYAH JAILANI (PERSERO) TBK
CEISA_51,CEISA,C000870,6782061756987,PERUM HARDIANSYAH WIBOWO TBK
CEISA_52,CEISA,C002488,8087603859770,CV NURDIYANTI YULIANTI TBK
CEISA_52,CEISA,C004130,7593727513158,CV NURDIYANTI TBK
CEISA_53,CEISA,C001534,8710122691669,PERUM PRASETYA TBK
CEISA_53,CEISA,C002943,6713223709031,PERUM PRASETYA (PERSERO) TBK
CEISA_54,CEISA,C004897,0411097929362,PT RAHIMAH (PERSERO) TBK
CEISA_54,CEISA,C002159,9540638567020,PT RAHIMAH NASHIRUDDIN (PERSERO) TBK
CEISA_55,CEISA,C003402,9257026721825,UD SIHOMBING TBK
CEISA_55,CEISA,C004558,4191479053472,UD SIHOMBING TBK
CEISA_56,CEISA,C001467,9365187569269,PD MANSUR
CEISA_56,CEISA,C004003,0453868761297,PD MANSUR
CEISA_57,CEISA,C001236,8289210758643,CV PRABOWO SIREGAR TBK
CEISA_57,CEISA,C002910,4387243088486,CV PRABOWO TBK
CEISA_58,CEISA,C003179,4252640517958,CV SAPUTRA
CEISA_58,CEISA,C001708,7433989980907,CV SAPUTRA
CEISA_59,CEISA,C002455,3863605747076,UD KURNIAWAN ADRIANSYAH (CABANG)
CEISA_59,CEISA,C004077,8233200253046,UD KURNIAWAN
CEISA_60,CEISA,C003543,6290752277588,PT PRADANA MARYADI
CEISA_60,CEISA,C003653,9772625762297,PT PRADANA TBK
CEISA_61,CEISA,C004933,3812401476696,UD WIJAYANTI
CEISA_61,CEISA,C000065,1657688988337,UD WIJAYANTI
CEISA_62,CEISA,C000811,0714601099587,PD HARTATI
CEISA_62,CEISA,C003471,1882617024376,PD HARTATI
CEISA_62,CEISA,C002710,7141349317967,PD HARTATI (PERSERO) TBK
CEISA_63,CEISA,C004104,7397984218914,PERUM LAILASARI
CEISA_63,CEISA,C003665,7188668926589,PERUM LAILASARI (PERSERO) TBK
CEISA_64,CEISA,C001471,9656084695449,UD USADA
CEISA_64,CEISA,C001986,0048886804186,UD USADA (CABANG)
CEISA_65,CEISA,C002034,0000000000000,PERUM ISWAHYUDI
CEISA_65,CEISA,C001513,8116680964860,PERUM ISWAHYUDI (PERSERO) TBK
CEISA_65,CEISA,C000686,6566938011848,PERUM ISWAHYUDI
CEISA_66,CEISA,C004352,2138059519484,PERUM TAMPUBOLON
CEISA_66,CEISA,C000450,2343596985045,PERUM TAMPUBOLON HIDAYANTO TBK (CABANG)
CEISA_67,CEISA,C003456,7416855739523,PERUM TAMPUBOLON (PERSERO) TBK
CEISA_67,CEISA,C000405,6555106116389,PERUM TAMPUBOLON (PERSERO) TBK (CABANG)
CEISA_68,CEISA,C000649,5253175040937,PD WASKITA (PERSERO) TBK
CEISA_68,CEISA,C003982,8900562561209,PD WASKITA LAILASARI (PERSERO) TBK
CEISA_69,CEISA,C002206,1373129504888,CV SETIAWAN TBK
CEISA_69,CEISA,C003919,9870109321529,CV SETIAWAN TBK
CEISA_70,CEISA,C004079,7583336477041,PD WIDODO RAHMAWATI (PERSERO) TBK
CEISA_70,CEISA,C002934,0896164236103,PD WIDODO TBK
CEISA_71,CEISA,C000504,6160013113787,UD WINARSIH TBK (CABANG)
CEISA_71,CEISA,C003027,7957676024401,UD WINARSIH TBK (CABANG)
CEISA_72,CEISA,C001047,9087863914183,CV ASTUTI TBK
CEISA_72,CEISA,C002815,8441715443961,CV ASTUTI
CEISA_73,CEISA,C004303,5855836454875,PD SIRAIT
CEISA_73,CEISA,C003572,0677610659208,PD SIRAIT ISWAHYUDI
CEISA_73,CEISA,C000212,5881215552489,PD SIRAIT
CEISA_74,CEISA,C004876,0098972740514,PD HALIMAH NURDIYANTI
CEISA_74,CEISA,C000103,7908740640391,PD HALIMAH
CEISA_75,CEISA,C004474,1219051881298,PD RAHMAWATI
CEISA_75,CEISA,C003198,2743939191654,PD RAHMAWATI AGUSTINA
CEISA_76,CEISA,C004760,9103533635921,CV PRADIPTA LATUPONO TBK
CEISA_76,CEISA,C001867,0391019335389,CV PRADIPTA TBK
CEISA_77,CEISA,C004610,0862339220715,PD MANDALA NURAINI
CEISA_77,CEISA,C000206,6603339790588,PD MANDALA TBK
CEISA_78,CEISA,C003997,2919565058484,PERUM SIMBOLON
CEISA_78,CEISA,C002402,9761801551334,PERUM SIMBOLON PRASETYA
CEISA_79,CEISA,C004723,1670214929078,PD YULIANTI RAHAYU (PERSERO) TBK
CEISA_79,CEISA,C000248,2592501691569,PD YULIANTI JAILANI (PERSERO) TBK
CEISA_79,CEISA,C000463,9250075167486,PD YULIANTI
CEISA_80,CEISA,C001671,7742393543373,UD WIJAYA TBK
CEISA_80,CEISA,C004662,8958247733912,UD WIJAYA TBK (CABANG)
CEISA_81,CEISA,C001290,4832348634152,PERUM PRATAMA MAHESWARA (PERSERO) TBK
CEISA_81,CEISA,C004075,0148975484119,PERUM PRATAMA (PERSERO) TBK
CEISA_82,CEISA,C004524,5345811665792,PERUM PUDJIASTUTI (PERSERO) TBK
CEISA_82,CEISA,C002610,5665589906586,PERUM PUDJIASTUTI NAINGGOLAN (PERSERO) TBK
CEISA_83,CEISA,C003738,9712444338285,PERUM NAPITUPULU NARPATI (PERSERO) TBK
CEISA_83,CEISA,C004172,0569490457884,PERUM NAPITUPULU
CEISA_84,CEISA,C002812,0767490641227,CV JANUAR PADMASARI
CEISA_84,CEISA,C004640,2867163234672,CV JANUAR
CEISA_85,CEISA,C001383,3536866696170,PT MAHENDRA
CEISA_85,CEISA,C001410,4683565215681,PT MAHENDRA TBK
CEISA_85,CEISA,C000491,9342967111483,PT MAHENDRA
CEISA_86,CEISA,C000980,3715273300627,PERUM JANUAR
CEISA_86,CEISA,C000727,1575415796142,PERUM JANUAR FUJIATI (PERSERO) TBK
CEISA_87,CEISA,C002527,0284571869198,CV ANGGRIAWAN (PERSERO) TBK
CEISA_87,CEISA,C003575,0128194001129,CV ANGGRIAWAN
CEISA_88,CEISA,C002719,7348579494184,HAKIM WALUYO (CABANG)
CEISA_88,CEISA,C000785,8201284008385,HAKIM (CABANG)
CEISA_89,CEISA,C003057,0883149141011,PT NABABAN
CEISA_89,CEISA,C000523,7666096545925,PT NABABAN (PERSERO) TBK
CEISA_90,CEISA,C002577,7228200557784,UD NAPITUPULU
CEISA_90,CEISA,C000047,5995843835699,UD NAPITUPULU (PERSERO) TBK
CEISA_91,CEISA,C002793,0000000000000,PD UTAMI
CEISA_91,CEISA,C003401,6433955343349,PD UTAMI (PERSERO) TBK
CEISA_91,CEISA,C002331,9984522059798,PD UTAMI
CEISA_91,CEISA,C003676,6816263391265,PD UTAMI TBK
CEISA_92,CEISA,C003484,8280312438701,CV YUNIAR PURWANTI
CEISA_92,CEISA,C000698,1013282339218,CV YUNIAR
CEISA_92,CEISA,C004914,0000000000000,CV YUNIAR
CEISA_93,CEISA,C000814,9020053316400,CV NOVITASARI TBK
CEISA_93,CEISA,C002645,5994757637982,CV NOVITASARI TBK
CEISA_94,CEISA,C002608,0357835421135,PD NARPATI
CEISA_94,CEISA,C003579,0055624126676,PD NARPATI HABIBI
CEISA_95,CEISA,C003782,0634615717320,PERUM FIRGANTORO
CEISA_95,CEISA,C001209,5007449142234,PERUM FIRGANTORO MANULLANG
CEISA_96,CEISA,C004253,0000000000000,UD PRADANA
CEISA_96,CEISA,C000597,7120602128866,UD PRADANA
CEISA_97,CEISA,C002983,6705068098383,PD NASYIDAH
CEISA_97,CEISA,C002568,2102698945067,PD NASYIDAH
CEISA_98,CEISA,C003755,1522791107465,CV PANGESTU
CEISA_98,CEISA,C001328,0120838921163,CV PANGESTU (PERSERO) TBK
CEISA_99,CEISA,C002332,5948224524881,PT KUSMAWATI IRAWAN
CEISA_99,CEISA,C001835,6383543468586,PT KUSMAWATI
CEISA_100,CEISA,C001071,5588348564327,UD GUNAWAN
CEISA_100,CEISA,C001599,5648236629946,UD GUNAWAN ADRIANSYAH TBK
CEISA_101,CEISA,C003825,3808263267631,PERUM SIHOTANG TBK
CEISA_101,CEISA,C003076,0333606359999,PERUM SIHOTANG
CEISA_102,CEISA,C000484,0308975863804,PT PURWANTI
CEISA_102,CEISA,C001437,8304342299785,PT PURWANTI
CEISA_103,CEISA,C002275,2562928923710,PERUM KURNIAWAN (PERSERO) TBK
CEISA_103,CEISA,C004839,9731637914012,PERUM KURNIAWAN
CEISA_104,CEISA,C004068,3286342556383,PD WIBOWO
CEISA_104,CEISA,C001586,8572626056141,PD WIBOWO AGUSTINA (PERSERO) TBK
CEISA_105,CEISA,C001737,6203744571991,UD ARDIANTO
CEISA_105,CEISA,C001243,4473387805289,UD ARDIANTO MEGANTARA (PERSERO) TBK
CEISA_105,CEISA,C004103,9381735984884,UD ARDIANTO
CEISA_106,CEISA,C001794,6899473879309,PD MARPAUNG
CEISA_106,CEISA,C001191,6606899247157,PD MARPAUNG
CEISA_107,CEISA,C004457,8526353256589,PD ARDIANTO WACANA
CEISA_107,CEISA,C002616,0606737788921,PD ARDIANTO TBK
CEISA_108,CEISA,C002498,9730905330192,PT HASANAH
CEISA_108,CEISA,C004199,2432333023993,PT HASANAH RAJASA TBK
CEISA_109,CEISA,C002251,5474329955755,PT SIREGAR
CEISA_109,CEISA,C004092,0329284422138,PT SIREGAR MAHENDRA TBK
CEISA_110,CEISA,C002378,0823820002978,PT ARDIANTO TBK
CEISA_110,CEISA,C004704,7262163157761,PT ARDIANTO TBK
CEISA_111,CEISA,C000231,8195657285353,UD PRATIWI NASHIRUDDIN (PERSERO) TBK
CEISA_111,CEISA,C001790,2586182114084,UD PRATIWI (PERSERO) TBK
CEISA_112,CEISA,C004651,0824130160644,PD SITOMPUL SURYONO TBK
CEISA_112,CEISA,C001499,8254318328123,PD SITOMPUL TBK
CEISA_113,CEISA,C004871,5418236881013,PD FIRGANTORO PRATIWI TBK
CEISA_113,CEISA,C000908,6364589549671,PD FIRGANTORO (PERSERO) TBK
CEISA_114,CEISA,C004447,0000000000000,PERUM YULIARTI
CEISA_114,CEISA,C002798,7339347412678,PERUM YULIARTI
CEISA_115,CEISA,C004173,5951434682394,UD JANUAR HALIMAH
CEISA_115,CEISA,C002572,9758586188817,UD JANUAR
CEISA_116,CEISA,C001337,0344665891238,PERUM NAPITUPULU (PERSERO) TBK
CEISA_116,CEISA,C001263,0824198577873,PERUM NAPITUPULU PERMADI (PERSERO) TBK
CEISA_117,CEISA,C004860,3399703515579,PD MARYATI (PERSERO) TBK
CEISA_117,CEISA,C004029,2341326111780,PD MARYATI WAHYUDIN (PERSERO) TBK
CEISA_118,CEISA,C003157,4013616075991,UD SIREGAR
CEISA_118,CEISA,C003006,5280433264445,UD SIREGAR HARTATI
CEISA_119,CEISA,C004025,8981856091894,PERUM YOLANDA RAHIMAH TBK
CEISA_119,CEISA,C000719,6689742757148,PERUM YOLANDA
CEISA_120,CEISA,C003514,7478122489056,PT SIMANJUNTAK AGUSTINA (PERSERO) TBK
CEISA_120,CEISA,C001017,9093052734791,PT SIMANJUNTAK (PERSERO) TBK
CEISA_121,CEISA,C002077,7952331432417,PERUM KUSUMO KUSUMO TBK
CEISA_121,CEISA,C004561,0909276736086,PERUM KUSUMO TBK
CEISA_122,CEISA,C002344,9814218592930,UD SIRAIT HIDAYAT (PERSERO) TBK (CABANG)
CEISA_122,CEISA,C004550,4579427537373,UD SIRAIT (PERSERO) TBK (CABANG)
CEISA_123,CEISA,C004250,4612939002512,PT SAEFULLAH
CEISA_123,CEISA,C001663,6686680807956,PT SAEFULLAH (PERSERO) TBK
CEISA_123,CEISA,C000176,9055496015598,PT SAEFULLAH
CEISA_123,CEISA,C004850,5271936785764,PT SAEFULLAH HARTATI (PERSERO) TBK
CEISA_124,CEISA,C004767,4576883351660,PT RAJATA (PERSERO) TBK
CEISA_124,CEISA,C000514,1776029914068,PT RAJATA ANDRIANI (PERSERO) TBK
CEISA_125,CEISA,C002988,2086014605190,PT SAFITRI TBK
CEISA_125,CEISA,C003636,4864499815951,PT SAFITRI TBK
CEISA_126,CEISA,C002797,4267243714082,PD WULANDARI (PERSERO) TBK (CABANG)
CEISA_126,CEISA,C002764,6472387508276,PD WULANDARI SIHOMBING (PERSERO) TBK (CABANG)
CEISA_127,CEISA,C001259,6220334742463,CV HASANAH
CEISA_127,CEISA,C000326,0996627250701,CV HASANAH (PERSERO) TBK
CEISA_128,CEISA,C001889,7814696767149,PERUM PRATIWI MANSUR TBK
CEISA_128,CEISA,C001994,0000000000000,PERUM PRATIWI SUSANTI TBK
CEISA_128,CEISA,C002967,0000000000000,PERUM PRATIWI SUSANTI TBK
CEISA_129,CEISA,C003563,3856337598491,PT PRASETYA KUSUMO
CEISA_129,CEISA,C004943,6186870479666,PT PRASETYA
CEISA_130,CEISA,C002190,9512370851191,UD IRAWAN ANDRIANI (PERSERO) TBK
CEISA_130,CEISA,C004482,1596378131915,UD IRAWAN (PERSERO) TBK
CEISA_131,CEISA,C004681,0654963308334,UD KUSMAWATI
CEISA_131,CEISA,C002093,9161693496174,UD KUSMAWATI RAHIMAH (PERSERO) TBK
CEISA_132,CEISA,C003841,0072720814723,PERUM NURAINI TBK
CEISA_132,CEISA,C001343,0695351717118,PERUM NURAINI HASTUTI TBK
CEISA_133,CEISA,C000379,0000000000000,PT ANGGRIAWAN (PERSERO) TBK
CEISA_133,CEISA,C000475,5275428328678,PT ANGGRIAWAN
CEISA_134,CEISA,C004338,8209357441814,CV PERTIWI NAJMUDIN (PERSERO) TBK
CEISA_134,CEISA,C001761,0964771653543,CV PERTIWI
CEISA_135,CEISA,C002670,7631774954210,CV NURDIYANTI TBK
CEISA_135,CEISA,C003283,1927054874870,CV NURDIYANTI RAHIMAH TBK
CEISA_136,CEISA,C003876,1218833401791,PERUM HIDAYAT NURAINI
CEISA_136,CEISA,C002201,3689382528940,PERUM HIDAYAT
CEISA_137,CEISA,C004421,8747155899254,PERUM PURWANTI (CABANG)
CEISA_137,CEISA,C004282,3404668212156,PERUM PURWANTI PRAYOGA (CABANG)
CEISA_138,CEISA,C004770,1744518705349,CV PRASETYO SALAHUDIN (PERSERO) TBK
CEISA_138,CEISA,C002061,3372094841312,CV PRASETYO TBK
CEISA_139,CEISA,C001740,2392407581814,WIDODO TBK (CABANG)
CEISA_139,CEISA,C003850,2835946106014,WIDODO (PERSERO) TBK (CABANG)
CEISA_140,CEISA,C000196,4212028533380,PERUM HASTUTI YULIARTI TBK (CABANG)
CEISA_140,CEISA,C000473,0592076679889,PERUM HASTUTI TBK
CEISA_141,CEISA,C003891,3639159658668,PERUM UYAINAH SALAHUDIN (PERSERO) TBK
CEISA_141,CEISA,C000492,5636300433590,PERUM UYAINAH
CEISA_142,CEISA,C003110,7074434782173,UD MAHENDRA KUSWOYO (PERSERO) TBK
CEISA_142,CEISA,C000117,0000000000000,UD MAHENDRA TBK
CEISA_143,CEISA,C004116,0691309810796,CV HUTASOIT (PERSERO) TBK
CEISA_143,CEISA,C002196,0074166430860,CV HUTASOIT TBK
CEISA_144,CEISA,C002575,4077488168204,PERUM KUSWANDARI MARYADI
CEISA_144,CEISA,C004019,9808469873297,PERUM KUSWANDARI
CEISA_145,CEISA,C001669,4519160022265,PT NASHIRUDDIN TBK
CEISA_145,CEISA,C001702,0853800329633,PT NASHIRUDDIN NAPITUPULU (PERSERO) TBK
CEISA_145,CEISA,C000897,4220340401134,PT NASHIRUDDIN (PERSERO) TBK
CEISA_146,CEISA,C002784,0272577261958,PT YULIARTI
CEISA_146,CEISA,C001766,9367061975003,PT YULIARTI
CEISA_147,CEISA,C004880,4677116750762,CV PRASTUTI WACANA TBK
CEISA_147,CEISA,C004716,0506835877663,CV PRASTUTI TBK
CEISA_148,CEISA,C003758,4072524082416,UD FUJIATI TBK
CEISA_148,CEISA,C004926,8439395784765,UD FUJIATI WALUYO (PERSERO) TBK
CEISA_149,CEISA,C000741,6408194448902,UD PUSPASARI SITOMPUL TBK (CABANG)
CEISA_149,CEISA,C002601,6419678963009,UD PUSPASARI TBK
CEISA_150,CEISA,C003887,4063516098414,UD PUSPASARI (CABANG)
CEISA_150,CEISA,C004689,2704472101493,UD PUSPASARI PALASTRI TBK (CABANG)
CEISA_151,CEISA,C003807,1878519108839,PERUM HARYANTI HARYANTO (PERSERO) TBK (CABANG)
CEISA_151,CEISA,C002579,0046661459011,PERUM HARYANTI (PERSERO) TBK (CABANG)
CEISA_152,CEISA,C004840,0847156756650,UD SIHOMBING SIHOMBING
CEISA_152,CEISA,C002310,0000000000000,UD SIHOMBING RAJATA
CEISA_152,CEISA,C001419,4878278735865,UD SIHOMBING (PERSERO) TBK (CABANG)
CEISA_153,CEISA,C001556,7605345035816,UD MELANI
CEISA_153,CEISA,C003488,1829430504483,UD MELANI
CEISA_154,CEISA,C002559,7462591601124,PD ARYANI (CABANG)
CEISA_154,CEISA,C001850,0719600490214,PD ARYANI RAMADAN (PERSERO) TBK (CABANG)
CEISA_155,CEISA,C001142,5877374591202,CV PERMADI PURNAWATI TBK
CEISA_155,CEISA,C000384,2878757030293,CV PERMADI TBK
CEISA_156,CEISA,C002393,6380839065402,PERUM DONGORAN
CEISA_156,CEISA,C003155,0383040479416,PERUM DONGORAN PRAYOGA
CEISA_157,CEISA,C003153,0580987079191,CV FIRMANSYAH TBK
CEISA_157,CEISA,C004362,2618079007748,CV FIRMANSYAH MELANI (PERSERO) TBK
CEISA_158,CEISA,C000762,6344556582476,PERUM RAMADAN (CABANG)
CEISA_158,CEISA,C001496,5316470594887,PERUM RAMADAN (PERSERO) TBK (CABANG)
CEISA_159,CEISA,C003329,6847289630812,UD WIJAYANTI TBK
CEISA_159,CEISA,C002475,1179172029275,UD WIJAYANTI HARYANTI TBK (CABANG)
CEISA_160,CEISA,C000970,3586990213116,PT SINAGA
CEISA_160,CEISA,C001024,1941737144214,PT SINAGA USAMAH
CEISA_161,CEISA,C001091,0000000000000,UD MANSUR HANDAYANI
CEISA_161,CEISA,C001397,8347080429860,UD MANSUR
CEISA_162,CEISA,C004387,3588249353400,UD NATSIR MANDASARI (PERSERO) TBK
CEISA_162,CEISA,C002399,1561619738449,UD NATSIR
CEISA_163,CEISA,C000021,0872800883993,UD HARTATI
CEISA_163,CEISA,C004611,4472649082771,UD HARTATI (PERSERO) TBK
CEISA_164,CEISA,C000956,3306773954475,CV WACANA TBK
CEISA_164,CEISA,C003620,5198890609175,CV WACANA
CEISA_165,CEISA,C001472,3631761973014,UD ZULKARNAIN TBK
CEISA_165,CEISA,C004870,8452403211535,UD ZULKARNAIN SETIAWAN TBK (CABANG)
CEISA_166,CEISA,C004742,8478483034857,PERUM ARYANI (PERSERO) TBK
CEISA_166,CEISA,C001457,9590010943969,PERUM ARYANI TBK
CEISA_167,CEISA,C002290,0000000000000,CV MANULLANG (PERSERO) TBK (CABANG)
CEISA_167,CEISA,C001192,8497277913450,CV MANULLANG TBK
CEISA_167,CEISA,C001395,8658309836641,CV MANULLANG (CABANG)
CEISA_168,CEISA,C004758,7932367053610,PD WINARNO
CEISA_168,CEISA,C000497,4390390920056,PD WINARNO
CEISA_169,CEISA,C003017,9401441245229,PERUM MUSTOFA
CEISA_169,CEISA,C004149,3338169750783,PERUM MUSTOFA ARYANI (PERSERO) TBK
CEISA_170,CEISA,C004360,4789146534619,PD FIRGANTORO (PERSERO) TBK
CEISA_170,CEISA,C002137,4428054009231,PD FIRGANTORO PRAYOGA (PERSERO) TBK
CEISA_171,CEISA,C004565,2968244850072,CV NAPITUPULU
CEISA_171,CEISA,C004911,9077045530017,CV NAPITUPULU BUDIMAN
CEISA_171,CEISA,C000553,9646782680379,CV NAPITUPULU
CEISA_172,CEISA,C003293,0835233919986,UD WASTUTI
CEISA_172,CEISA,C001325,4157718074922,UD WASTUTI ANGGRIAWAN
CEISA_173,CEISA,C002250,5772008050804,UD SURYONO (CABANG)
CEISA_173,CEISA,C004297,5449481260422,UD SURYONO
CEISA_174,CEISA,C001055,9731791286857,PD BUDIYANTO TBK
CEISA_174,CEISA,C001440,3843540974344,PD BUDIYANTO TBK
CEISA_175,CEISA,C001789,6367943395956,CV SANTOSO (CABANG)
CEISA_175,CEISA,C000415,4252516185759,CV SANTOSO TBK
CEISA_176,CEISA,C000914,3073002290077,PD MANDASARI TBK
CEISA_176,CEISA,C002765,6905452190926,PD MANDASARI
CEISA_177,CEISA,C003490,0000000000000,PT NAMAGA (PERSERO) TBK
CEISA_177,CEISA,C001615,9180552696582,PT NAMAGA (PERSERO) TBK
CEISA_178,CEISA,C004034,0322760392191,CV SAPTONO
CEISA_178,CEISA,C002082,8737480521702,CV SAPTONO
CEISA_179,CEISA,C003628,8569329136964,PERUM GUNAWAN
CEISA_179,CEISA,C002486,2602611868010,PERUM GUNAWAN SIHOMBING
CEISA_180,CEISA,C001736,0000000000000,CV SETIAWAN IRAWAN (PERSERO) TBK
CEISA_180,CEISA,C003739,1386729383586,CV SETIAWAN IRAWAN TBK
CEISA_181,CEISA,C000512,5855775448160,CV WULANDARI WINARNO (PERSERO) TBK
CEISA_181,CEISA,C000723,0000000000000,CV WULANDARI (PERSERO) TBK
CEISA_182,CEISA,C000570,8728136227679,PD KUSWANDARI KUSWANDARI
CEISA_182,CEISA,C004916,9917916469487,PD KUSWANDARI PRATIWI
CEISA_183,CEISA,C000274,2583230241026,PD SAEFULLAH
CEISA_183,CEISA,C004773,0000000000000,PD SAEFULLAH PERMADI
CEISA_184,CEISA,C000364,0000000000000,CV WINARSIH SIMANJUNTAK TBK
CEISA_184,CEISA,C002337,6774871105773,CV WINARSIH
CEISA_185,CEISA,C001326,4151526384091,PT THAMRIN
CEISA_185,CEISA,C004501,3714521117518,PT THAMRIN TBK
CEISA_186,CEISA,C001579,1332780911914,PT NATSIR BUDIYANTO
CEISA_186,CEISA,C002819,5063622982250,PT NATSIR
CEISA_187,CEISA,C000144,8688050745115,PT SAFITRI
CEISA_187,CEISA,C001412,3297867154295,PT SAFITRI
CEISA_188,CEISA,C003116,0215601399476,PERUM YULIARTI MANGUNSONG
CEISA_188,CEISA,C001847,4595961409774,PERUM YULIARTI
CEISA_189,CEISA,C002613,7167263324827,PERUM MARDHIYAH ANGGRAINI (PERSERO) TBK
CEISA_189,CEISA,C003934,3277376554761,PERUM MARDHIYAH
CEISA_190,CEISA,C002112,0900163564072,PERUM LAZUARDI
CEISA_190,CEISA,C004372,0412588604960,PERUM LAZUARDI
CEISA_191,CEISA,C001029,7927147246301,CV HANDAYANI (PERSERO) TBK
CEISA_191,CEISA,C000102,0000000000000,CV HANDAYANI DONGORAN (PERSERO) TBK (CABANG)
CEISA_192,CEISA,C000943,0912045938795,UD UWAIS (PERSERO) TBK (CABANG)
CEISA_192,CEISA,C001370,7880937616522,UD UWAIS TBK (CABANG)
CEISA_193,CEISA,C004337,3306409805877,UD NARPATI HASANAH (PERSERO) TBK
CEISA_193,CEISA,C004488,7894098668198,UD NARPATI (PERSERO) TBK
CEISA_194,CEISA,C000305,0734571071780,CV PRABOWO HANDAYANI TBK
CEISA_194,CEISA,C002953,2025409411396,CV PRABOWO
CEISA_195,CEISA,C004178,7156853909174,PT UWAIS
CEISA_195,CEISA,C003817,7714254633072,PT UWAIS
CEISA_196,CEISA,C000024,9620233627065,PD JANUAR (CABANG)
CEISA_196,CEISA,C000695,6941513985532,PD JANUAR RAHAYU (CABANG)
CEISA_197,CEISA,C001805,2461051109007,PERUM ANGGRAINI
CEISA_197,CEISA,C002647,6335420509530,PERUM ANGGRAINI
CEISA_198,CEISA,C003840,0009984336113,PT ADRIANSYAH PERMADI
CEISA_198,CEISA,C001563,4923611677477,PT ADRIANSYAH
CEISA_199,CEISA,C002911,6442070771359,PERUM PRASTUTI
CEISA_199,CEISA,C001210,0779898962867,PERUM PRASTUTI
CEISA_200,CEISA,C000786,2417984339821,PT HAKIM
CEISA_200,CEISA,C003950,2449244249198,PT HAKIM HAKIM (PERSERO) TBK
CEISA_201,CEISA,C002390,8641793996979,CV MARPAUNG PURNAWATI (PERSERO) TBK
CEISA_201,CEISA,C004433,1778649646588,CV MARPAUNG
CEISA_202,CEISA,C004082,0378280356899,PT ADRIANSYAH
CEISA_202,CEISA,C000861,6907823944804,PT ADRIANSYAH TBK
CEISA_203,CEISA,C001978,9126022132176,PD WULANDARI
CEISA_203,CEISA,C001283,5796229511084,PD WULANDARI
CEISA_204,CEISA,C003287,9493506177238,UD HALIMAH
CEISA_204,CEISA,C001837,3698034594893,UD HALIMAH
CEISA_205,CEISA,C002376,1128401723446,PD NURAINI (PERSERO) TBK
CEISA_205,CEISA,C000396,1231414215825,PD NURAINI (PERSERO) TBK
CEISA_206,CEISA,C001470,7968863124079,PT PUDJIASTUTI NURDIYANTI (PERSERO) TBK
CEISA_206,CEISA,C004391,0000000000000,PT PUDJIASTUTI
