SOURCE,NIB,NAMA,NPWP,DAERAH_ID,STATUS_NIB,IS_INCOMPLETE,IS_DAERAH_VALID,IS_NPWP_INVALID,FLAG_REASON
CEISA,6581539885217,PT HUTAGALUNG,34 936 354,61,AKTIF,False,True,True,FORMAT_NPWP_TIDAK_BAKU
CEISA,8540277234890,CV HARYANTI SITORUS (CABANG),26 804 363,12,AKTIF,False,True,True,FORMAT_NPWP_TIDAK_BAKU
CEISA,7656570762141,PERMATA (PERSERO) TBK (CABANG),O99I43385I24297,33,AKTIF,False,True,True,FORMAT_NPWP_TIDAK_BAKU
CEISA,4706165373053,UD SIHOMBING NATSIR TBK,27IIOO839II3638,64,AKTIF,False,True,True,FORMAT_NPWP_TIDAK_BAKU
CEISA,9644477250842,PERMATA MEGANTARA (CABANG),843292665,12,AKTIF,False,True,True,FORMAT_NPWP_TIDAK_BAKU
CEISA,0315134650865,PERUM SETIAWAN DABUKKE,3I2563274982I67,31,AKTIF,False,True,True,FORMAT_NPWP_TIDAK_BAKU
CEISA,7838744308183,PD SAEFULLAH,02 576 841,73,AKTIF,False,True,True,FORMAT_NPWP_TIDAK_BAKU
CEISA,7605878917639,PD RAJASA,4O788825O469894,32,AKTIF,False,True,True,FORMAT_NPWP_TIDAK_BAKU
CEISA,9336159072667,PT HUTAPEA YULIANTI,147748977,21,AKTIF,False,True,True,FORMAT_NPWP_TIDAK_BAKU
CEISA,2025999193873,PERUM PERMATA FUJIATI,154997892,73,AKTIF,False,True,True,FORMAT_NPWP_TIDAK_BAKU
CEISA,5334533843092,PERUM BUDIYANTO BUDIMAN,66 805 935,35,AKTIF,False,True,True,FORMAT_NPWP_TIDAK_BAKU
CEISA,9044952666457,PT TAMPUBOLON TBK,47 488 421,61,AKTIF,False,True,True,FORMAT_NPWP_TIDAK_BAKU
CEISA,2936842685179,PD HALIM (PERSERO) TBK (CABANG),7842487595O3O38,64,AKTIF,False,True,True,FORMAT_NPWP_TIDAK_BAKU
CEISA,4238236567543,PD MAYASARI TBK,91 981 049,21,AKTIF,False,True,True,FORMAT_NPWP_TIDAK_BAKU
CEISA,1295927282709,PT TARIHORAN,I835254I8IO4845,12,AKTIF,False,True,True,FORMAT_NPWP_TIDAK_BAKU
CEISA,1837606441343,PD DAMANIK SITOMPUL (PERSERO) TBK (CABANG),8758266I6225555,35,AKTIF,False,True,True,FORMAT_NPWP_TIDAK_BAKU
CEISA,4648555169324,UD RAJATA,3886374558O6928,91,AKTIF,False,True,True,FORMAT_NPWP_TIDAK_BAKU
CEISA,1173537771249,UD NABABAN (PERSERO) TBK,05 259 139,12,AKTIF,False,True,True,FORMAT_NPWP_TIDAK_BAKU
CEISA,0895710706114,PT HARYANTI,I4O9O5O442I8888,73,AKTIF,False,True,True,FORMAT_NPWP_TIDAK_BAKU
CEISA,7926420712113,PT UTAMI HIDAYAT,58 221 128,35,AKTIF,False,True,True,FORMAT_NPWP_TIDAK_BAKU
CEISA,2822250182562,UD AGUSTINA,821051376,16,AKTIF,False,True,True,FORMAT_NPWP_TIDAK_BAKU
CEISA,9818853444859,UD NUGROHO,33O354565699954,73,AKTIF,False,True,True,FORMAT_NPWP_TIDAK_BAKU
CEISA,6563160328889,PT SIRAIT WACANA TBK,202191190,64,AKTIF,False,True,True,FORMAT_NPWP_TIDAK_BAKU
CEISA,3599940041084,PT NURDIYANTI SUSANTI (PERSERO) TBK,85 981 491,61,AKTIF,False,True,True,FORMAT_NPWP_TIDAK_BAKU
CEISA,8717135935891,PD GUNAWAN SUSANTI (PERSERO) TBK (CABANG),99 133 689,35,AKTIF,False,True,True,FORMAT_NPWP_TIDAK_BAKU
CEISA,9377454209972,DONGORAN DONGORAN (PERSERO) TBK (CABANG),58 276 666,18,AKTIF,False,True,True,FORMAT_NPWP_TIDAK_BAKU
CEISA,2541452878475,PT PRASASTA SIRAIT (PERSERO) TBK,108751998,31,AKTIF,False,True,True,FORMAT_NPWP_TIDAK_BAKU
CEISA,5545146091935,PERUM MANDASARI LAZUARDI (PERSERO) TBK,752O7O6234I43OI,21,AKTIF,False,True,True,FORMAT_NPWP_TIDAK_BAKU
CEISA,7944059149873,PD RIYANTI TBK,10 794 093,91,DIBEKUKAN,False,True,True,FORMAT_NPWP_TIDAK_BAKU
CEISA,1770690533701,UD MARDHIYAH (PERSERO) TBK,28 119 958,35,AKTIF,False,True,True,FORMAT_NPWP_TIDAK_BAKU
CEISA,9844514367286,PD NAPITUPULU (PERSERO) TBK,58942O26O5844O6,73,AKTIF,False,True,True,FORMAT_NPWP_TIDAK_BAKU
CEISA,6252602216908,PERUM LAILASARI,I5594I2428O33OI,32,AKTIF,False,True,True,FORMAT_NPWP_TIDAK_BAKU
CEISA,9228777251996,PERUM JAILANI WASKITA,25829262635645O,31,AKTIF,False,True,True,FORMAT_NPWP_TIDAK_BAKU
CEISA,3751220721598,UD BUDIMAN,265O9OO86897375,73,AKTIF,False,True,True,FORMAT_NPWP_TIDAK_BAKU
CEISA,8505180970131,PD HIDAYANTO (CABANG),567746O54774449,35,AKTIF,False,True,True,FORMAT_NPWP_TIDAK_BAKU
CEISA,0319711170878,UD NOVITASARI KUSMAWATI,777273277546I39,12,DICABUT,False,True,True,FORMAT_NPWP_TIDAK_BAKU
CEISA,2136524394356,CV SUARTINI SURYATMI TBK,487310234,31,AKTIF,False,True,True,FORMAT_NPWP_TIDAK_BAKU
CEISA,6288623357044,PD PRAYOGA,65 934 241,73,AKTIF,False,True,True,FORMAT_NPWP_TIDAK_BAKU
CEISA,1954157176269,PD PRASASTA,63I5535296II75I,51,DICABUT,False,True,True,FORMAT_NPWP_TIDAK_BAKU
CEISA,6660588095924,CV MARBUN KUSMAWATI (PERSERO) TBK,57 888 753,32,AKTIF,False,True,True,FORMAT_NPWP_TIDAK_BAKU
CEISA,2679503558890,PD DABUKKE,51 827 360,12,DIBEKUKAN,False,True,True,FORMAT_NPWP_TIDAK_BAKU
CEISA,5869507321464,CV SIREGAR MARPAUNG TBK,369214985,21,AKTIF,False,True,True,FORMAT_NPWP_TIDAK_BAKU
CEISA,0298135283388,PERUM HALIM,43 549 371,31,AKTIF,False,True,True,FORMAT_NPWP_TIDAK_BAKU
CEISA,8953897064013,PT YOLANDA (PERSERO) TBK,686245556I6I836,36,AKTIF,False,True,True,FORMAT_NPWP_TIDAK_BAKU
CEISA,1337800684096,PERUM BUDIMAN (PERSERO) TBK,38 229 926,21,AKTIF,False,True,True,FORMAT_NPWP_TIDAK_BAKU
CEISA,6182561664028,PT NOVITASARI DABUKKE TBK,296O7O2775596I7,73,AKTIF,False,True,True,FORMAT_NPWP_TIDAK_BAKU
CEISA,5835717862089,UD SIHOMBING KUSWANDARI TBK,158498466,35,AKTIF,False,True,True,FORMAT_NPWP_TIDAK_BAKU
CEISA,2241177155367,UD RIYANTI (CABANG),113069616,73,AKTIF,False,True,True,FORMAT_NPWP_TIDAK_BAKU
CEISA,8724958069530,UD SITUMORANG UWAIS TBK (CABANG),599842786,91,AKTIF,False,True,True,FORMAT_NPWP_TIDAK_BAKU
CEISA,0913307726292,PERUM SIRAIT SUSANTI TBK,403328976,21,DICABUT,False,True,True,FORMAT_NPWP_TIDAK_BAKU
CEISA,6120646467647,UD RAHIMAH TBK,417814220,31,AKTIF,False,True,True,FORMAT_NPWP_TIDAK_BAKU
CEISA,0274925714830,PT PERMATA,716296778,12,AKTIF,False,True,True,FORMAT_NPWP_TIDAK_BAKU
CEISA,4175024130078,PD HASSANAH,640893435,32,AKTIF,False,True,True,FORMAT_NPWP_TIDAK_BAKU
CEISA,9464743671369,PRAYOGA (PERSERO) TBK (CABANG),285007532,91,DIBEKUKAN,False,True,True,FORMAT_NPWP_TIDAK_BAKU
CEISA,5542771410452,CV SIREGAR MAULANA,4598545I5I24O29,16,AKTIF,False,True,True,FORMAT_NPWP_TIDAK_BAKU
CEISA,6163881687851,PT GUNAWAN,50 055 288,64,AKTIF,False,True,True,FORMAT_NPWP_TIDAK_BAKU
CEISA,3741727147780,CV PRASETYA MAHESWARA,724407916,35,AKTIF,False,True,True,FORMAT_NPWP_TIDAK_BAKU
CEISA,8694790254853,PD GUNAWAN PRABOWO,972552II3632O25,51,AKTIF,False,True,True,FORMAT_NPWP_TIDAK_BAKU
CEISA,0991385413174,PT MARBUN SIHOMBING TBK,97 919 668,35,AKTIF,False,True,True,FORMAT_NPWP_TIDAK_BAKU
CEISA,2664267351272,CV NARPATI,23II8785O54I2I7,61,DICABUT,False,True,True,FORMAT_NPWP_TIDAK_BAKU
CEISA,6407205158533,PT ISWAHYUDI PRATIWI,40 864 305,12,DIBEKUKAN,False,True,True,FORMAT_NPWP_TIDAK_BAKU
CEISA,0912602870071,PD SITORUS,8O2I43O7I99O54O,35,DICABUT,False,True,True,FORMAT_NPWP_TIDAK_BAKU
CEISA,1210315538316,PERUM MAULANA TBK,26 273 867,32,AKTIF,False,True,True,FORMAT_NPWP_TIDAK_BAKU
CEISA,0178332584868,PT HUTAGALUNG PRASETYO TBK,77939222838O667,35,AKTIF,False,True,True,FORMAT_NPWP_TIDAK_BAKU
CEISA,7020701601662,UD PRANOWO (CABANG),79 505 274,31,AKTIF,False,True,True,FORMAT_NPWP_TIDAK_BAKU
CEISA,9192299542809,UD MAULANA (PERSERO) TBK (CABANG),53 542 813,36,AKTIF,False,True,True,FORMAT_NPWP_TIDAK_BAKU
CEISA,0024201277606,PD LAILASARI (PERSERO) TBK,5376474582O5IOI,21,AKTIF,False,True,True,FORMAT_NPWP_TIDAK_BAKU
CEISA,7080538289812,CV NURAINI (CABANG),404906092,64,AKTIF,False,True,True,FORMAT_NPWP_TIDAK_BAKU
CEISA,3153779599594,PERUM ANGGRIAWAN (PERSERO) TBK,38 531 189,61,AKTIF,False,True,True,FORMAT_NPWP_TIDAK_BAKU
CEISA,2198041847242,PERUM THAMRIN TAMBA (PERSERO) TBK,299448701,12,AKTIF,False,True,True,FORMAT_NPWP_TIDAK_BAKU
CEISA,3462580419111,PERUM NASHIRUDDIN ZULKARNAIN (PERSERO) TBK,415092218,35,AKTIF,False,True,True,FORMAT_NPWP_TIDAK_BAKU
CEISA,2907658244898,PERUM WIBOWO (PERSERO) TBK,15 242 924,35,AKTIF,False,True,True,FORMAT_NPWP_TIDAK_BAKU
CEISA,0832387825083,PD KUSWOYO,4I87O749O56593I,36,AKTIF,False,True,True,FORMAT_NPWP_TIDAK_BAKU
CEISA,2031613177905,PT JAILANI SIHOMBING TBK,445867948924II7,35,AKTIF,False,True,True,FORMAT_NPWP_TIDAK_BAKU
CEISA,5414238614509,PD PERTIWI IRAWAN TBK (CABANG),938285854,61,AKTIF,False,True,True,FORMAT_NPWP_TIDAK_BAKU
CEISA,0629535063731,PD MAULANA,34O95I54689I64O,91,AKTIF,False,True,True,FORMAT_NPWP_TIDAK_BAKU
CEISA,8973012319956,PD YOLANDA RAMADAN (PERSERO) TBK,20 772 521,12,AKTIF,False,True,True,FORMAT_NPWP_TIDAK_BAKU
CEISA,4994084772797,CV MANULLANG ASTUTI,923964123,36,AKTIF,False,True,True,FORMAT_NPWP_TIDAK_BAKU
CEISA,5208260759817,UD UTAMA NAPITUPULU (CABANG),10 810 387,16,AKTIF,False,True,True,FORMAT_NPWP_TIDAK_BAKU
CEISA,8483695595827,PT GUNAWAN (PERSERO) TBK,392857707,33,AKTIF,False,True,True,FORMAT_NPWP_TIDAK_BAKU
CEISA,7119249128300,CV PUSPASARI,31 878 033,35,AKTIF,False,True,True,FORMAT_NPWP_TIDAK_BAKU
CEISA,9994529517122,PD ANGGRIAWAN TBK,07 299 531,51,AKTIF,False,True,True,FORMAT_NPWP_TIDAK_BAKU
CEISA,1506662670551,PD HAKIM KURNIAWAN TBK,95I3IO685O89O78,21,AKTIF,False,True,True,FORMAT_NPWP_TIDAK_BAKU
CEISA,6856850664878,UD MAHENDRA (CABANG),584827494,32,AKTIF,False,True,True,FORMAT_NPWP_TIDAK_BAKU
CEISA,4003818036485,PD KUSMAWATI HALIMAH,499429665985O2O,33,AKTIF,False,True,True,FORMAT_NPWP_TIDAK_BAKU
CEISA,7533552620294,PT WINARNO USAMAH TBK,295229O784O8OO7,32,AKTIF,False,True,True,FORMAT_NPWP_TIDAK_BAKU
CEISA,2265576769523,UD NAPITUPULU (PERSERO) TBK,8I4978684337864,36,AKTIF,False,True,True,FORMAT_NPWP_TIDAK_BAKU
CEISA,6542351161559,PERUM NAPITUPULU,17 125 001,21,AKTIF,False,True,True,FORMAT_NPWP_TIDAK_BAKU
CEISA,8088669320709,PERUM ANGGRIAWAN WULANDARI,510398795,33,DICABUT,False,True,True,FORMAT_NPWP_TIDAK_BAKU
CEISA,7320360714987,CV HUTAGALUNG PRASETYO,47985O667986652,32,DICABUT,False,True,True,FORMAT_NPWP_TIDAK_BAKU
CEISA,7268473081690,UD HIDAYAT PRASETYO,4I8787542754O74,12,AKTIF,False,True,True,FORMAT_NPWP_TIDAK_BAKU
CEISA,0656702737614,PD HASANAH TBK,315924211,73,DICABUT,False,True,True,FORMAT_NPWP_TIDAK_BAKU
CEISA,5174192581476,CV YOLANDA KURNIAWAN (PERSERO) TBK,22O682876862426,73,AKTIF,False,True,True,FORMAT_NPWP_TIDAK_BAKU
CEISA,8189301636842,PERUM SALAHUDIN TBK,64 857 338,16,AKTIF,False,True,True,FORMAT_NPWP_TIDAK_BAKU
CEISA,0604598278147,PD YUNIAR YULIARTI,194686557,35,AKTIF,False,True,True,FORMAT_NPWP_TIDAK_BAKU
CEISA,6607025076660,PERUM WIBISONO TBK,581097096,21,AKTIF,False,True,True,FORMAT_NPWP_TIDAK_BAKU
CEISA,9646077359569,PD HARYANTO TBK,8729I23O2479355,21,AKTIF,False,True,True,FORMAT_NPWP_TIDAK_BAKU
CEISA,9068400515639,CV RIYANTI ISWAHYUDI TBK,527I36843IOI22I,64,AKTIF,False,True,True,FORMAT_NPWP_TIDAK_BAKU
CEISA,3736230576207,MULYANI PERTIWI TBK (CABANG),39 320 180,64,AKTIF,False,True,True,FORMAT_NPWP_TIDAK_BAKU
CEISA,0890660363409,PERUM PUSPITA PERMADI,691546915,12,AKTIF,False,True,True,FORMAT_NPWP_TIDAK_BAKU
CEISA,9706734996010,CV NAMAGA (PERSERO) TBK,149831983,12,DIBEKUKAN,False,True,True,FORMAT_NPWP_TIDAK_BAKU
CEISA,3063604144920,PT DONGORAN MANULLANG,I785I9I8OO56O52,21,AKTIF,False,True,True,FORMAT_NPWP_TIDAK_BAKU
CEISA,6285323319164,PD HARDIANSYAH HIDAYANTO (CABANG),16 496 656,36,AKTIF,False,True,True,FORMAT_NPWP_TIDAK_BAKU
CEISA,6701629988584,PERUM SIHOTANG THAMRIN,356436148,21,AKTIF,False,True,True,FORMAT_NPWP_TIDAK_BAKU
CEISA,4897195514623,UD HAKIM (PERSERO) TBK,858255520,61,AKTIF,False,True,True,FORMAT_NPWP_TIDAK_BAKU
CEISA,8289210758643,CV PRABOWO SIREGAR TBK,49 970 311,36,AKTIF,False,True,True,FORMAT_NPWP_TIDAK_BAKU
CEISA,6997681608557,PERUM ARDIANTO WINARNO TBK (CABANG),939977570,91,AKTIF,False,True,True,FORMAT_NPWP_TIDAK_BAKU
CEISA,4837268779388,PD ARDIANTO,89429O953475326,73,AKTIF,False,True,True,FORMAT_NPWP_TIDAK_BAKU
CEISA,4153053863772,UD PRADIPTA SARAGIH (PERSERO) TBK,75 972 440,73,AKTIF,False,True,True,FORMAT_NPWP_TIDAK_BAKU
CEISA,5658996033563,PT NASHIRUDDIN,73 482 072,64,DICABUT,False,True,True,FORMAT_NPWP_TIDAK_BAKU
CEISA,1421162206591,PT WAHYUDIN NASHIRUDDIN,355093427,35,AKTIF,False,True,True,FORMAT_NPWP_TIDAK_BAKU
CEISA,5931857197516,CV SIREGAR PRADANA (CABANG),12 092 189,35,AKTIF,False,True,True,FORMAT_NPWP_TIDAK_BAKU
CEISA,7114675301570,PT NAJMUDIN JANUAR TBK,O58O67298536854,12,AKTIF,False,True,True,FORMAT_NPWP_TIDAK_BAKU
CEISA,1794964549595,PT MAHESWARA JAILANI,354IO9222758O2O,33,AKTIF,False,True,True,FORMAT_NPWP_TIDAK_BAKU
CEISA,4541833788147,PT WULANDARI (PERSERO) TBK,3O4564753464O78,21,DIBEKUKAN,False,True,True,FORMAT_NPWP_TIDAK_BAKU
CEISA,5072313419162,UD WIBOWO TBK (CABANG),99 118 664,21,AKTIF,False,True,True,FORMAT_NPWP_TIDAK_BAKU
CEISA,0290300810391,CV WINARNO HARTATI,5O687988733423O,21,AKTIF,False,True,True,FORMAT_NPWP_TIDAK_BAKU
CEISA,9681645352181,PD SUWARNO,885969781,73,AKTIF,False,True,True,FORMAT_NPWP_TIDAK_BAKU
CEISA,0048886804186,UD USADA (CABANG),96 741 095,91,AKTIF,False,True,True,FORMAT_NPWP_TIDAK_BAKU
CEISA,2241250383412,CV SANTOSO TBK,4429O8859882384,18,AKTIF,False,True,True,FORMAT_NPWP_TIDAK_BAKU
CEISA,3863605747076,UD KURNIAWAN ADRIANSYAH (CABANG),088607175,31,AKTIF,False,True,True,FORMAT_NPWP_TIDAK_BAKU
CEISA,2395289669995,PT RAJASA SIREGAR (PERSERO) TBK,810518004,12,AKTIF,False,True,True,FORMAT_NPWP_TIDAK_BAKU
CEISA,0904312868667,UD BUDIMAN (PERSERO) TBK (CABANG),I9747522O29O326,64,AKTIF,False,True,True,FORMAT_NPWP_TIDAK_BAKU
CEISA,3728300930633,CV YULIANTI HARIYAH TBK,06 052 014,33,AKTIF,False,True,True,FORMAT_NPWP_TIDAK_BAKU
CEISA,8552457871584,PERUM WINARNO PURWANTI TBK,3726453373OII9O,35,AKTIF,False,True,True,FORMAT_NPWP_TIDAK_BAKU
CEISA,7120826773454,CV UWAIS WASTUTI TBK,113571811,51,AKTIF,False,True,True,FORMAT_NPWP_TIDAK_BAKU
CEISA,7676472298120,PERUM RAJATA ANGGRIAWAN,O437IO3I8688589,18,AKTIF,False,True,True,FORMAT_NPWP_TIDAK_BAKU
CEISA,4365685869744,PT MUSTOFA THAMRIN TBK,901993937,64,AKTIF,False,True,True,FORMAT_NPWP_TIDAK_BAKU
CEISA,0896164236103,PD WIDODO TBK,308711355,35,AKTIF,False,True,True,FORMAT_NPWP_TIDAK_BAKU
CEISA,1219051881298,PD RAHMAWATI,90 780 105,33,AKTIF,False,True,True,FORMAT_NPWP_TIDAK_BAKU
CEISA,8840661245011,PERUM SARAGIH,07 104 814,73,AKTIF,False,True,True,FORMAT_NPWP_TIDAK_BAKU
CEISA,0162444516961,PERUM PRATIWI ARDIANTO TBK,03 116 404,35,AKTIF,False,True,True,FORMAT_NPWP_TIDAK_BAKU
CEISA,5781314562530,CV FARIDA (PERSERO) TBK,77935I75I236O22,12,AKTIF,False,True,True,FORMAT_NPWP_TIDAK_BAKU
CEISA,6603339790588,PD MANDALA TBK,OO6O744O6I2525O,31,AKTIF,False,True,True,FORMAT_NPWP_TIDAK_BAKU
CEISA,3755785457653,CV TAMBA (PERSERO) TBK,87 724 908,16,AKTIF,False,True,True,FORMAT_NPWP_TIDAK_BAKU
CEISA,4742932683487,PD MUSTOFA NAPITUPULU TBK,4OI6488O5I44752,12,AKTIF,False,True,True,FORMAT_NPWP_TIDAK_BAKU
CEISA,4766919530164,PT PUDJIASTUTI (PERSERO) TBK,09 720 983,12,DICABUT,False,True,True,FORMAT_NPWP_TIDAK_BAKU
CEISA,8514120119067,CV MARYADI NATSIR,157484983,73,AKTIF,False,True,True,FORMAT_NPWP_TIDAK_BAKU
CEISA,9087863914183,CV ASTUTI TBK,49598O93O854945,31,AKTIF,False,True,True,FORMAT_NPWP_TIDAK_BAKU
CEISA,8734777842659,PERUM WALUYO IRAWAN (PERSERO) TBK,23 457 632,35,AKTIF,False,True,True,FORMAT_NPWP_TIDAK_BAKU
CEISA,1971718231300,PERUM HARYANTO RAJATA (PERSERO) TBK (CABANG),091748732,21,AKTIF,False,True,True,FORMAT_NPWP_TIDAK_BAKU
CEISA,1590762946367,UD SUARTINI TBK,62O9O2I2486I466,73,DICABUT,False,True,True,FORMAT_NPWP_TIDAK_BAKU
CEISA,0126257489466,UD PERMADI HANDAYANI TBK,18 798 028,12,AKTIF,False,True,True,FORMAT_NPWP_TIDAK_BAKU
CEISA,0757196861767,PT KURNIAWAN TBK,64 301 752,35,AKTIF,False,True,True,FORMAT_NPWP_TIDAK_BAKU
CEISA,3686632663416,PD MUSTOFA,9OII97O33I5O45I,91,AKTIF,False,True,True,FORMAT_NPWP_TIDAK_BAKU
CEISA,3003056441589,PD LAKSITA,556318806,32,DICABUT,False,True,True,FORMAT_NPWP_TIDAK_BAKU
CEISA,1636297038647,PD THAMRIN HALIM,463I4949773I5I8,33,AKTIF,False,True,True,FORMAT_NPWP_TIDAK_BAKU
CEISA,7287887464307,PD RAHMAWATI,46 730 724,12,DIBEKUKAN,False,True,True,FORMAT_NPWP_TIDAK_BAKU
CEISA,7086329567584,PT SETIAWAN PRATAMA,718364056,12,AKTIF,False,True,True,FORMAT_NPWP_TIDAK_BAKU
CEISA,9611110286712,PRAYOGA TBK (CABANG),111845238,12,AKTIF,False,True,True,FORMAT_NPWP_TIDAK_BAKU
CEISA,5891704542185,CV USADA SAFITRI,82 542 540,31,DIBEKUKAN,False,True,True,FORMAT_NPWP_TIDAK_BAKU
CEISA,9992570992861,PT PRATAMA ANGGRAINI,57 580 802,35,AKTIF,False,True,True,FORMAT_NPWP_TIDAK_BAKU
CEISA,2167715009211,UD USADA TBK,94 044 289,35,AKTIF,False,True,True,FORMAT_NPWP_TIDAK_BAKU
CEISA,7364933546817,PT HIDAYAT WASITA,89O35649OII865I,64,AKTIF,False,True,True,FORMAT_NPWP_TIDAK_BAKU
CEISA,1150412250112,PD LATUPONO LAZUARDI (PERSERO) TBK,17 622 226,73,AKTIF,False,True,True,FORMAT_NPWP_TIDAK_BAKU
CEISA,3274307667400,PT NABABAN TBK,676263311,91,AKTIF,False,True,True,FORMAT_NPWP_TIDAK_BAKU
CEISA,0316370500493,PT DABUKKE,469570909,12,AKTIF,False,True,True,FORMAT_NPWP_TIDAK_BAKU
CEISA,7742393543373,UD WIJAYA TBK,O6687I8I5825O26,35,AKTIF,False,True,True,FORMAT_NPWP_TIDAK_BAKU
CEISA,9654612536064,PD NASYIDAH (PERSERO) TBK,193919447,32,AKTIF,False,True,True,FORMAT_NPWP_TIDAK_BAKU
CEISA,8319180438430,UD TAMPUBOLON,366678336,12,AKTIF,False,True,True,FORMAT_NPWP_TIDAK_BAKU
CEISA,7552303350123,PERUM HARDIANSYAH JAILANI (PERSERO) TBK,28 666 098,35,AKTIF,False,True,True,FORMAT_NPWP_TIDAK_BAKU
CEISA,0759876807981,PERUM BUDIYANTO (PERSERO) TBK (CABANG),54 568 042,35,DICABUT,False,True,True,FORMAT_NPWP_TIDAK_BAKU
CEISA,8170361007701,PD WINARSIH (PERSERO) TBK,104031151,12,AKTIF,False,True,True,FORMAT_NPWP_TIDAK_BAKU
CEISA,5852398680002,PERUM PUSPASARI GUNARTO TBK,43 868 335,33,AKTIF,False,True,True,FORMAT_NPWP_TIDAK_BAKU
CEISA,9276713771886,PERUM WINARNO,54O55O7384943I3,21,DICABUT,False,True,True,FORMAT_NPWP_TIDAK_BAKU
CEISA,2886195761228,PRADANA PRASETYO (PERSERO) TBK (CABANG),73 629 616,18,AKTIF,False,True,True,FORMAT_NPWP_TIDAK_BAKU
CEISA,7487700788125,UD MARBUN FARIDA,93OI73226763766,35,AKTIF,False,True,True,FORMAT_NPWP_TIDAK_BAKU
CEISA,3856488001253,PD PRASETYO IRAWAN (PERSERO) TBK,245580365,35,AKTIF,False,True,True,FORMAT_NPWP_TIDAK_BAKU
CEISA,7725840090625,PD WASKITA FIRMANSYAH TBK,4769O6I279O44O9,21,AKTIF,False,True,True,FORMAT_NPWP_TIDAK_BAKU
CEISA,0930548473857,PD WINARNO SIREGAR,O34O876754I638I,35,DIBEKUKAN,False,True,True,FORMAT_NPWP_TIDAK_BAKU
CEISA,1628335689058,MARPAUNG TBK (CABANG),130152493,35,AKTIF,False,True,True,FORMAT_NPWP_TIDAK_BAKU
CEISA,3513052312447,UD IRAWAN WIDIASTUTI,3842543I6693244,73,AKTIF,False,True,True,FORMAT_NPWP_TIDAK_BAKU
CEISA,2396042445025,CV USADA,3629I39I2883O97,36,DICABUT,False,True,True,FORMAT_NPWP_TIDAK_BAKU
CEISA,9190586518506,PERUM NABABAN WINARNO TBK,I7II444O23I4654,18,AKTIF,False,True,True,FORMAT_NPWP_TIDAK_BAKU
CEISA,0182422535841,PT MANDASARI,482542284,73,AKTIF,False,True,True,FORMAT_NPWP_TIDAK_BAKU
CEISA,0698042043940,PT RAJATA,4O688992O69III2,91,AKTIF,False,True,True,FORMAT_NPWP_TIDAK_BAKU
CEISA,0650761222830,UD SIHOMBING NASYIAH,07 907 369,31,AKTIF,False,True,True,FORMAT_NPWP_TIDAK_BAKU
CEISA,0775740936024,UD SETIAWAN NOVITASARI TBK (CABANG),31 658 813,91,AKTIF,False,True,True,FORMAT_NPWP_TIDAK_BAKU
CEISA,1971757628379,PD HARYANTO ADRIANSYAH TBK,52 485 730,31,AKTIF,False,True,True,FORMAT_NPWP_TIDAK_BAKU
CEISA,5027160736077,UD LATUPONO SAPTONO,4995465I3I765O2,35,DICABUT,False,True,True,FORMAT_NPWP_TIDAK_BAKU
CEISA,4865737449666,UD PRADIPTA,29 100 648,33,AKTIF,False,True,True,FORMAT_NPWP_TIDAK_BAKU
CEISA,0682179764670,CV WIBOWO (PERSERO) TBK,255I8O737795436,73,DICABUT,False,True,True,FORMAT_NPWP_TIDAK_BAKU
CEISA,8451271053883,PT SIREGAR (PERSERO) TBK,99 766 525,91,AKTIF,False,True,True,FORMAT_NPWP_TIDAK_BAKU
CEISA,3661815159472,PRAYOGA FIRGANTORO TBK (CABANG),118750234,12,AKTIF,False,True,True,FORMAT_NPWP_TIDAK_BAKU
CEISA,7666096545925,PT NABABAN (PERSERO) TBK,993269274,12,AKTIF,False,True,True,FORMAT_NPWP_TIDAK_BAKU
CEISA,0767490641227,CV JANUAR PADMASARI,96 619 997,61,AKTIF,False,True,True,FORMAT_NPWP_TIDAK_BAKU
CEISA,0666064064627,ANGGRAINI WULANDARI (CABANG),171646031,32,AKTIF,False,True,True,FORMAT_NPWP_TIDAK_BAKU
CEISA,1933755215502,PERUM KUSWOYO NUGROHO (CABANG),717804512,64,AKTIF,False,True,True,FORMAT_NPWP_TIDAK_BAKU
CEISA,4550925408345,PERUM MARDHIYAH SETIAWAN (CABANG),366888819,12,AKTIF,False,True,True,FORMAT_NPWP_TIDAK_BAKU
CEISA,0839531169515,PERUM KUSWOYO (PERSERO) TBK,I49835868472632,61,DIBEKUKAN,False,True,True,FORMAT_NPWP_TIDAK_BAKU
CEISA,8046899009886,PT SITOMPUL ZULKARNAIN,8O83335O479II29,12,AKTIF,False,True,True,FORMAT_NPWP_TIDAK_BAKU
CEISA,5994757637982,CV NOVITASARI TBK,80 164 455,36,AKTIF,False,True,True,FORMAT_NPWP_TIDAK_BAKU
CEISA,8689433836454,CV MULYANI SURYONO (PERSERO) TBK,980754359,73,AKTIF,False,True,True,FORMAT_NPWP_TIDAK_BAKU
CEISA,1976588608125,MAULANA SAEFULLAH (PERSERO) TBK (CABANG),58 864 624,51,AKTIF,False,True,True,FORMAT_NPWP_TIDAK_BAKU
CEISA,0553983584461,PERUM HIDAYAT TBK (CABANG),37 827 399,36,AKTIF,False,True,True,FORMAT_NPWP_TIDAK_BAKU
CEISA,4224043261189,PERUM SURYONO,389572O25484464,16,AKTIF,False,True,True,FORMAT_NPWP_TIDAK_BAKU
CEISA,0826565293675,CV MARYATI,214490747,12,AKTIF,False,True,True,FORMAT_NPWP_TIDAK_BAKU
CEISA,6690125816055,PT MANULLANG TBK,799222228,12,DIBEKUKAN,False,True,True,FORMAT_NPWP_TIDAK_BAKU
CEISA,9559366545521,UD NAMAGA HUTAPEA (PERSERO) TBK (CABANG),063309573,12,AKTIF,False,True,True,FORMAT_NPWP_TIDAK_BAKU
CEISA,6594918684987,PT PRANOWO (PERSERO) TBK,O33475332II9234,31,AKTIF,False,True,True,FORMAT_NPWP_TIDAK_BAKU
CEISA,7659916247314,UD SINAGA (PERSERO) TBK,644O59222328859,31,AKTIF,False,True,True,FORMAT_NPWP_TIDAK_BAKU
CEISA,1648408588770,PT PUSPASARI TBK,071185413,12,AKTIF,False,True,True,FORMAT_NPWP_TIDAK_BAKU
CEISA,6538027481242,CV SAPTONO TBK,625786845,91,DICABUT,False,True,True,FORMAT_NPWP_TIDAK_BAKU
CEISA,2198211217859,PT HARYANTI (PERSERO) TBK,706002025,21,AKTIF,False,True,True,FORMAT_NPWP_TIDAK_BAKU
CEISA,3296773759428,PD RAMADAN (PERSERO) TBK (CABANG),20 177 031,21,AKTIF,False,True,True,FORMAT_NPWP_TIDAK_BAKU
CEISA,5594501192920,PERUM NABABAN MEGANTARA (PERSERO) TBK,040278362,21,AKTIF,False,True,True,FORMAT_NPWP_TIDAK_BAKU
CEISA,7085942682395,CV NAINGGOLAN (PERSERO) TBK,481574721,12,AKTIF,False,True,True,FORMAT_NPWP_TIDAK_BAKU
CEISA,1491823860420,UD MAYASARI JAILANI TBK,126875782,31,AKTIF,False,True,True,FORMAT_NPWP_TIDAK_BAKU
CEISA,7872191630916,PERUM KURNIAWAN PURNAWATI,70 400 977,12,AKTIF,False,True,True,FORMAT_NPWP_TIDAK_BAKU
CEISA,4118251486402,CV MARDHIYAH UTAMI,4O9982I75I5635I,31,AKTIF,False,True,True,FORMAT_NPWP_TIDAK_BAKU
CEISA,8917005229184,PERUM WASITA HASANAH TBK,366272992,35,AKTIF,False,True,True,FORMAT_NPWP_TIDAK_BAKU
CEISA,7495035449253,UD YOLANDA GUNAWAN (PERSERO) TBK,757385912,31,AKTIF,False,True,True,FORMAT_NPWP_TIDAK_BAKU
CEISA,0622519335628,PD MARBUN RIYANTI TBK,618697552,61,AKTIF,False,True,True,FORMAT_NPWP_TIDAK_BAKU
CEISA,1071468388190,PD RAHAYU HANDAYANI (PERSERO) TBK,73 685 965,35,AKTIF,False,True,True,FORMAT_NPWP_TIDAK_BAKU
CEISA,4621393621695,UD LAILASARI DONGORAN,98 818 091,35,AKTIF,False,True,True,FORMAT_NPWP_TIDAK_BAKU
CEISA,4127701533879,PERUM SIMBOLON (PERSERO) TBK,55 733 282,73,AKTIF,False,True,True,FORMAT_NPWP_TIDAK_BAKU
CEISA,6695343295064,PERUM SURYONO,51 859 519,61,AKTIF,False,True,True,FORMAT_NPWP_TIDAK_BAKU
CEISA,5862187540657,PT KURNIAWAN,36 623 894,35,AKTIF,False,True,True,FORMAT_NPWP_TIDAK_BAKU
CEISA,8575958281902,UD NOVITASARI WASITA (PERSERO) TBK,03 358 486,35,AKTIF,False,True,True,FORMAT_NPWP_TIDAK_BAKU
CEISA,0308975863804,PT PURWANTI,084718549,21,AKTIF,False,True,True,FORMAT_NPWP_TIDAK_BAKU
CEISA,8855108892171,UD WIJAYA (PERSERO) TBK,430569908,12,AKTIF,False,True,True,FORMAT_NPWP_TIDAK_BAKU
CEISA,8689397770425,PT NARPATI TBK,774816614,12,AKTIF,False,True,True,FORMAT_NPWP_TIDAK_BAKU
CEISA,1626148152138,PD UWAIS,872434325,12,AKTIF,False,True,True,FORMAT_NPWP_TIDAK_BAKU
CEISA,5694201844576,PD WINARNO SAFITRI TBK,266577792,31,AKTIF,False,True,True,FORMAT_NPWP_TIDAK_BAKU
CEISA,0522441339547,PERUM ISWAHYUDI (PERSERO) TBK,47O4437I3947332,33,AKTIF,False,True,True,FORMAT_NPWP_TIDAK_BAKU
CEISA,9023296125103,PERUM NARPATI TBK (CABANG),68 387 820,35,AKTIF,False,True,True,FORMAT_NPWP_TIDAK_BAKU
CEISA,4769123779398,UD WIBISONO,2II463O862II474,61,AKTIF,False,True,True,FORMAT_NPWP_TIDAK_BAKU
CEISA,5605712198819,PD MARYATI SETIAWAN (CABANG),94OI236725466I8,35,AKTIF,False,True,True,FORMAT_NPWP_TIDAK_BAKU
CEISA,1983210291617,PD DAMANIK LESTARI,70 249 242,73,AKTIF,False,True,True,FORMAT_NPWP_TIDAK_BAKU
CEISA,0591297519102,PT MUSTOFA HASANAH TBK,954182568,31,AKTIF,False,True,True,FORMAT_NPWP_TIDAK_BAKU
CEISA,1460025300958,PT TARIHORAN,242I322I7I3555I,12,AKTIF,False,True,True,FORMAT_NPWP_TIDAK_BAKU
CEISA,6821338516631,CV RAJASA UTAMA,43 919 972,35,AKTIF,False,True,True,FORMAT_NPWP_TIDAK_BAKU
CEISA,2392788447909,CV IRAWAN TBK,67 941 783,12,AKTIF,False,True,True,FORMAT_NPWP_TIDAK_BAKU
CEISA,4773237249292,CV RAJASA,831300217,31,AKTIF,False,True,True,FORMAT_NPWP_TIDAK_BAKU
CEISA,2601754269883,PT THAMRIN WIJAYANTI,30 823 901,73,AKTIF,False,True,True,FORMAT_NPWP_TIDAK_BAKU
CEISA,3404665046382,PD LAKSMIWATI TBK,738548235,16,AKTIF,False,True,True,FORMAT_NPWP_TIDAK_BAKU
CEISA,1582686876401,PD KUSMAWATI,52 453 724,35,AKTIF,False,True,True,FORMAT_NPWP_TIDAK_BAKU
CEISA,2437243675235,UD USADA PRASTUTI,49 448 472,73,AKTIF,False,True,True,FORMAT_NPWP_TIDAK_BAKU
CEISA,5474329955755,PT SIREGAR,583648190,31,DICABUT,False,True,True,FORMAT_NPWP_TIDAK_BAKU
CEISA,8888288724806,UD SIHOMBING LAKSMIWATI TBK,445289881,36,AKTIF,False,True,True,FORMAT_NPWP_TIDAK_BAKU
CEISA,0826112312616,UD SITORUS (CABANG),152138040,32,AKTIF,False,True,True,FORMAT_NPWP_TIDAK_BAKU
CEISA,3681541858990,PD PRATIWI PURWANTI (PERSERO) TBK (CABANG),10 933 042,73,AKTIF,False,True,True,FORMAT_NPWP_TIDAK_BAKU
CEISA,8728023865626,PD WASKITA PRAYOGA TBK (CABANG),06 045 779,35,AKTIF,False,True,True,FORMAT_NPWP_TIDAK_BAKU
CEISA,5564199039709,PT PERMATA PRAKASA,77 675 039,64,AKTIF,False,True,True,FORMAT_NPWP_TIDAK_BAKU
CEISA,1613526425915,UYAINAH (CABANG),7I9638643267I59,51,DIBEKUKAN,False,True,True,FORMAT_NPWP_TIDAK_BAKU
CEISA,0718098469979,CV LAILASARI,249564II373I439,31,AKTIF,False,True,True,FORMAT_NPWP_TIDAK_BAKU
CEISA,7743721238487,PD LAILASARI,223OI797O84I446,64,AKTIF,False,True,True,FORMAT_NPWP_TIDAK_BAKU
CEISA,8836956337144,CV SAPTONO NURAINI (PERSERO) TBK,053612646,61,AKTIF,False,True,True,FORMAT_NPWP_TIDAK_BAKU
CEISA,0761087082697,PERUM LAILASARI PRATAMA,51 629 329,35,AKTIF,False,True,True,FORMAT_NPWP_TIDAK_BAKU
CEISA,2695951975398,PT HALIM PRASTUTI,697280606,16,AKTIF,False,True,True,FORMAT_NPWP_TIDAK_BAKU
CEISA,6548190117078,PD USADA SIHOMBING,88655623O8I2254,16,AKTIF,False,True,True,FORMAT_NPWP_TIDAK_BAKU
CEISA,9995753802999,UD PRABOWO LAKSMIWATI TBK,25O6O736623O7O9,33,AKTIF,False,True,True,FORMAT_NPWP_TIDAK_BAKU
CEISA,8225127267086,PERUM PRABOWO PADMASARI (CABANG),8663553545628I4,31,DIBEKUKAN,False,True,True,FORMAT_NPWP_TIDAK_BAKU
CEISA,8690652272043,PT ARYANI RAJASA TBK,102842950,12,AKTIF,False,True,True,FORMAT_NPWP_TIDAK_BAKU
CEISA,2904608467407,CV NAMAGA,93973O3648I73O9,31,AKTIF,False,True,True,FORMAT_NPWP_TIDAK_BAKU
CEISA,8858306563353,PERUM YUNIAR HIDAYAT TBK (CABANG),477795140,31,DICABUT,False,True,True,FORMAT_NPWP_TIDAK_BAKU
CEISA,4865977597767,PD KURNIAWAN MAHENDRA,389944243,18,AKTIF,False,True,True,FORMAT_NPWP_TIDAK_BAKU
CEISA,0725093330206,CV WINARNO (PERSERO) TBK,53O33838876O929,35,AKTIF,False,True,True,FORMAT_NPWP_TIDAK_BAKU
CEISA,6012316257510,UD SAEFULLAH,051101277,35,AKTIF,False,True,True,FORMAT_NPWP_TIDAK_BAKU
CEISA,4761494340501,PT AGUSTINA PRANOWO,O2944O69645I466,35,AKTIF,False,True,True,FORMAT_NPWP_TIDAK_BAKU
CEISA,5407647186294,CV LAKSITA,26 464 004,12,DIBEKUKAN,False,True,True,FORMAT_NPWP_TIDAK_BAKU
CEISA,6618308580018,PT HANDAYANI TBK,6624O98O492O859,51,AKTIF,False,True,True,FORMAT_NPWP_TIDAK_BAKU
CEISA,0402560041316,CV WIBISONO ZULAIKA (CABANG),907477457,33,AKTIF,False,True,True,FORMAT_NPWP_TIDAK_BAKU
CEISA,9640165820297,PD PRASETYO KURNIAWAN,94 064 227,21,DICABUT,False,True,True,FORMAT_NPWP_TIDAK_BAKU
CEISA,9961143583040,PD PUSPITA PADMASARI (CABANG),42295OO722725II,31,AKTIF,False,True,True,FORMAT_NPWP_TIDAK_BAKU
CEISA,6160013113787,UD WINARSIH TBK (CABANG),03 917 351,64,AKTIF,False,True,True,FORMAT_NPWP_TIDAK_BAKU
CEISA,2949652396749,PT NASYIDAH WIBISONO,96 478 269,51,AKTIF,False,True,True,FORMAT_NPWP_TIDAK_BAKU
CEISA,2743939191654,PD RAHMAWATI AGUSTINA,85 088 773,33,DICABUT,False,True,True,FORMAT_NPWP_TIDAK_BAKU
CEISA,4216309001594,PERUM HARYANTO NATSIR (PERSERO) TBK,083088806,64,AKTIF,False,True,True,FORMAT_NPWP_TIDAK_BAKU
CEISA,6853193556429,PD MANSUR,77347729O44O886,35,AKTIF,False,True,True,FORMAT_NPWP_TIDAK_BAKU
CEISA,1036916288750,CV PRASETYO SUDIATI TBK,3O9743O338436I8,91,AKTIF,False,True,True,FORMAT_NPWP_TIDAK_BAKU
CEISA,8452733188156,CV PRAKASA (CABANG),5O2O23II549345I,35,AKTIF,False,True,True,FORMAT_NPWP_TIDAK_BAKU
CEISA,0098408630936,PD LESTARI (PERSERO) TBK,63 342 950,35,AKTIF,False,True,True,FORMAT_NPWP_TIDAK_BAKU
CEISA,0418902446288,PT SITOMPUL SURYATMI (PERSERO) TBK,66 159 881,31,AKTIF,False,True,True,FORMAT_NPWP_TIDAK_BAKU
CEISA,8516850529354,CV WIBOWO,934826709,33,DICABUT,False,True,True,FORMAT_NPWP_TIDAK_BAKU
CEISA,5633660235217,PT PERMADI HASSANAH (PERSERO) TBK,69 884 118,35,AKTIF,False,True,True,FORMAT_NPWP_TIDAK_BAKU
CEISA,1694261666471,PD FIRGANTORO,4O9688653I284IO,73,AKTIF,False,True,True,FORMAT_NPWP_TIDAK_BAKU
CEISA,2642930646143,PT SALAHUDIN TBK,42 171 665,12,DICABUT,False,True,True,FORMAT_NPWP_TIDAK_BAKU
CEISA,6186870479666,PT PRASETYA,62 860 180,21,AKTIF,False,True,True,FORMAT_NPWP_TIDAK_BAKU
CEISA,1313071695215,PERUM NAINGGOLAN SAEFULLAH (PERSERO) TBK,75 344 613,35,AKTIF,False,True,True,FORMAT_NPWP_TIDAK_BAKU
CEISA,8507208115562,UD ZULKARNAIN,9756I5I94793579,73,AKTIF,False,True,True,FORMAT_NPWP_TIDAK_BAKU
CEISA,1690392202698,PD PUTRA MANDALA (PERSERO) TBK,4O73342848I6OI4,21,DIBEKUKAN,False,True,True,FORMAT_NPWP_TIDAK_BAKU
CEISA,4959126092033,PT TAMBA,02 648 775,21,AKTIF,False,True,True,FORMAT_NPWP_TIDAK_BAKU
CEISA,2508763971910,ISWAHYUDI (CABANG),879729602,35,AKTIF,False,True,True,FORMAT_NPWP_TIDAK_BAKU
CEISA,3992052229993,CV PRASETYO (PERSERO) TBK,I38778I68IIOI57,33,AKTIF,False,True,True,FORMAT_NPWP_TIDAK_BAKU
CEISA,9087577774462,PT HIDAYAT NAINGGOLAN,809148438,31,AKTIF,False,True,True,FORMAT_NPWP_TIDAK_BAKU
CEISA,5967577991137,PERUM TAMBA (PERSERO) TBK,371266866,12,AKTIF,False,True,True,FORMAT_NPWP_TIDAK_BAKU
CEISA,6093371986585,PD USAMAH RAHMAWATI (PERSERO) TBK,60 455 605,12,AKTIF,False,True,True,FORMAT_NPWP_TIDAK_BAKU
CEISA,3785139311653,PERUM UTAMA NAMAGA,83 503 070,21,AKTIF,False,True,True,FORMAT_NPWP_TIDAK_BAKU
CEISA,2506668606734,PD MAYASARI LESTARI (PERSERO) TBK,911566937,51,DIBEKUKAN,False,True,True,FORMAT_NPWP_TIDAK_BAKU
CEISA,8343067416712,PERUM PRASASTA WIBOWO (PERSERO) TBK,23 970 968,35,AKTIF,False,True,True,FORMAT_NPWP_TIDAK_BAKU
CEISA,2378034633287,PD AGUSTINA,21 382 832,21,AKTIF,False,True,True,FORMAT_NPWP_TIDAK_BAKU
CEISA,7559512128698,CV SIREGAR TBK,42 440 652,21,AKTIF,False,True,True,FORMAT_NPWP_TIDAK_BAKU
CEISA,6117769693911,UD RAHIMAH PALASTRI TBK,01 214 742,35,AKTIF,False,True,True,FORMAT_NPWP_TIDAK_BAKU
CEISA,7842001414424,CV HALIM OKTAVIANI,5946O967638I272,36,AKTIF,False,True,True,FORMAT_NPWP_TIDAK_BAKU
CEISA,9108189813780,PD HABIBI USADA,7I6O292O74533O8,32,AKTIF,False,True,True,FORMAT_NPWP_TIDAK_BAKU
CEISA,8825269901851,PERUM LAKSMIWATI (PERSERO) TBK,72I4I75I6O63I52,16,AKTIF,False,True,True,FORMAT_NPWP_TIDAK_BAKU
CEISA,5405444553731,PD MARDHIYAH MANGUNSONG TBK,084753696,32,DIBEKUKAN,False,True,True,FORMAT_NPWP_TIDAK_BAKU
CEISA,1078187109685,PERUM WIDODO SAFITRI,74 141 636,31,AKTIF,False,True,True,FORMAT_NPWP_TIDAK_BAKU
CEISA,0810620034244,PD SURYATMI (CABANG),026498757,35,AKTIF,False,True,True,FORMAT_NPWP_TIDAK_BAKU
CEISA,5563318574817,CV MAULANA TBK (CABANG),889161355,35,AKTIF,False,True,True,FORMAT_NPWP_TIDAK_BAKU
CEISA,1803430714883,PD MAULANA TBK,28 459 813,61,AKTIF,False,True,True,FORMAT_NPWP_TIDAK_BAKU
CEISA,1079636690205,PT TARIHORAN,676479350,35,AKTIF,False,True,True,FORMAT_NPWP_TIDAK_BAKU
CEISA,3167208388846,PERUM NAINGGOLAN PADMASARI (CABANG),488758I76669578,73,AKTIF,False,True,True,FORMAT_NPWP_TIDAK_BAKU
CEISA,4533722010912,PT PUSPASARI (PERSERO) TBK,487841213,12,AKTIF,False,True,True,FORMAT_NPWP_TIDAK_BAKU
CEISA,0688867420505,CV WIJAYA MELANI,745763I764O2486,33,AKTIF,False,True,True,FORMAT_NPWP_TIDAK_BAKU
CEISA,8859787191392,PT HARYANTI (PERSERO) TBK,681519982,12,DICABUT,False,True,True,FORMAT_NPWP_TIDAK_BAKU
CEISA,5129045896385,PD HALIMAH PRANOWO TBK,224705048,31,AKTIF,False,True,True,FORMAT_NPWP_TIDAK_BAKU
CEISA,8778735856646,CV LAZUARDI DONGORAN,57434O442889692,33,DIBEKUKAN,False,True,True,FORMAT_NPWP_TIDAK_BAKU
CEISA,6519825309251,PERUM SIHOMBING (CABANG),80 964 557,21,AKTIF,False,True,True,FORMAT_NPWP_TIDAK_BAKU
CEISA,8020820646028,CV KURNIAWAN,044556883,21,DIBEKUKAN,False,True,True,FORMAT_NPWP_TIDAK_BAKU
CEISA,5073535324449,PERUM PRASETYO (PERSERO) TBK,9I525742787785O,61,AKTIF,False,True,True,FORMAT_NPWP_TIDAK_BAKU
CEISA,1218833401791,PERUM HIDAYAT NURAINI,48 367 317,12,AKTIF,False,True,True,FORMAT_NPWP_TIDAK_BAKU
CEISA,3881804009563,UD SANTOSO ZULAIKA (CABANG),258743678,12,AKTIF,False,True,True,FORMAT_NPWP_TIDAK_BAKU
CEISA,9663309235654,PT MUSTOFA MAHESWARA,68 412 327,51,DICABUT,False,True,True,FORMAT_NPWP_TIDAK_BAKU
CEISA,1762563201901,PD KUSUMO (PERSERO) TBK,026287239,64,AKTIF,False,True,True,FORMAT_NPWP_TIDAK_BAKU
CEISA,3434917100357,UD MANULLANG MANGUNSONG,6I777733I5263OI,51,AKTIF,False,True,True,FORMAT_NPWP_TIDAK_BAKU
CEISA,0247922476867,PERUM HUTASOIT YULIARTI TBK,046613199,18,AKTIF,False,True,True,FORMAT_NPWP_TIDAK_BAKU
CEISA,3404668212156,PERUM PURWANTI PRAYOGA (CABANG),738741653,12,AKTIF,False,True,True,FORMAT_NPWP_TIDAK_BAKU
CEISA,0345446843210,PERUM FARIDA (PERSERO) TBK,233753I82O25697,16,AKTIF,False,True,True,FORMAT_NPWP_TIDAK_BAKU
CEISA,4019395898184,PT WIDIASTUTI (PERSERO) TBK,27 073 644,61,AKTIF,False,True,True,FORMAT_NPWP_TIDAK_BAKU
CEISA,2392407581814,WIDODO TBK (CABANG),4I868752787I7IO,32,AKTIF,False,True,True,FORMAT_NPWP_TIDAK_BAKU
CEISA,8053318543782,CV RAJATA,180375919,73,AKTIF,False,True,True,FORMAT_NPWP_TIDAK_BAKU
CEISA,1304504744243,PERUM WACANA RAJASA (CABANG),72 802 136,51,AKTIF,False,True,True,FORMAT_NPWP_TIDAK_BAKU
CEISA,4520599604387,PT WIDIASTUTI MARBUN,78 248 971,31,AKTIF,False,True,True,FORMAT_NPWP_TIDAK_BAKU
CEISA,5933238143316,PERUM PRATAMA SUDIATI TBK,87OI3659563553I,36,AKTIF,False,True,True,FORMAT_NPWP_TIDAK_BAKU
CEISA,9802213189605,PD MANGUNSONG IRAWAN,48699I42858O8I4,73,DICABUT,False,True,True,FORMAT_NPWP_TIDAK_BAKU
CEISA,6910407629696,UD RAHMAWATI (PERSERO) TBK,50 466 385,12,AKTIF,False,True,True,FORMAT_NPWP_TIDAK_BAKU
CEISA,2400573573795,CV WASKITA (PERSERO) TBK,51 776 318,12,DICABUT,False,True,True,FORMAT_NPWP_TIDAK_BAKU
CEISA,0369390914720,PT YULIARTI,661696762,33,AKTIF,False,True,True,FORMAT_NPWP_TIDAK_BAKU
CEISA,1342881514739,PD WAHYUNI TBK,370822651,18,AKTIF,False,True,True,FORMAT_NPWP_TIDAK_BAKU
CEISA,0505379538164,PD MAYASARI TBK (CABANG),786I35296448356,12,AKTIF,False,True,True,FORMAT_NPWP_TIDAK_BAKU
CEISA,3841774118428,PT PUSPITA SUSANTI,O29769558622829,35,AKTIF,False,True,True,FORMAT_NPWP_TIDAK_BAKU
CEISA,4223653271472,PT SUSANTI TBK,52 114 882,21,AKTIF,False,True,True,FORMAT_NPWP_TIDAK_BAKU
CEISA,8335663882822,UD SITUMORANG,90 796 170,36,AKTIF,False,True,True,FORMAT_NPWP_TIDAK_BAKU
CEISA,0307562208635,PERUM RAHAYU (CABANG),31 819 568,12,DICABUT,False,True,True,FORMAT_NPWP_TIDAK_BAKU
CEISA,5995843835699,UD NAPITUPULU (PERSERO) TBK,86 426 013,33,AKTIF,False,True,True,FORMAT_NPWP_TIDAK_BAKU
CEISA,9167165670986,CV PRAYOGA DABUKKE (PERSERO) TBK,85 419 648,35,AKTIF,False,True,True,FORMAT_NPWP_TIDAK_BAKU
CEISA,1542306002302,PERUM WASTUTI NAJMUDIN,6992I6I84O2II55,12,AKTIF,False,True,True,FORMAT_NPWP_TIDAK_BAKU
CEISA,5636300433590,PERUM UYAINAH,88 032 220,91,AKTIF,False,True,True,FORMAT_NPWP_TIDAK_BAKU
CEISA,6654566703707,PERUM USADA TBK,03 842 664,21,AKTIF,False,True,True,FORMAT_NPWP_TIDAK_BAKU
CEISA,6899473879309,PD MARPAUNG,345929541,64,DIBEKUKAN,False,True,True,FORMAT_NPWP_TIDAK_BAKU
CEISA,5273536423570,CV GUNARTO (PERSERO) TBK (CABANG),I2966964345I467,35,AKTIF,False,True,True,FORMAT_NPWP_TIDAK_BAKU
CEISA,0316759062070,UD ZULAIKA PUDJIASTUTI,700311575,61,DICABUT,False,True,True,FORMAT_NPWP_TIDAK_BAKU
CEISA,7573942661099,UD DONGORAN PUSPITA TBK,79 855 693,31,DIBEKUKAN,False,True,True,FORMAT_NPWP_TIDAK_BAKU
CEISA,3016725073931,UD PALASTRI TBK,795OO427354O245,35,AKTIF,False,True,True,FORMAT_NPWP_TIDAK_BAKU
CEISA,6944104232008,CV HIDAYANTO,73I772O63446363,31,AKTIF,False,True,True,FORMAT_NPWP_TIDAK_BAKU
CEISA,6199062344565,UD BUDIMAN (PERSERO) TBK,50 853 926,35,AKTIF,False,True,True,FORMAT_NPWP_TIDAK_BAKU
CEISA,7359283962577,PD PURWANTI NURDIYANTI,I7O2I65O5678246,16,AKTIF,False,True,True,FORMAT_NPWP_TIDAK_BAKU
CEISA,1894905807787,PERUM ARDIANTO MARDHIYAH (PERSERO) TBK,678387458947I93,61,AKTIF,False,True,True,FORMAT_NPWP_TIDAK_BAKU
CEISA,6772443435497,CV BUDIYANTO (PERSERO) TBK,117770292,21,AKTIF,False,True,True,FORMAT_NPWP_TIDAK_BAKU
CEISA,4680606561217,PERUM GUNARTO TBK,50 551 678,35,AKTIF,False,True,True,FORMAT_NPWP_TIDAK_BAKU
CEISA,0853800329633,PT NASHIRUDDIN NAPITUPULU (PERSERO) TBK,40 318 954,33,DIBEKUKAN,False,True,True,FORMAT_NPWP_TIDAK_BAKU
CEISA,5811863690766,CV MUSTOFA MARPAUNG,448859968,35,AKTIF,False,True,True,FORMAT_NPWP_TIDAK_BAKU
CEISA,2597303748508,CV RAHAYU YULIANTI TBK,029567494,33,AKTIF,False,True,True,FORMAT_NPWP_TIDAK_BAKU
CEISA,4683565215681,PT MAHENDRA TBK,351824344,61,AKTIF,False,True,True,FORMAT_NPWP_TIDAK_BAKU
CEISA,2621074144301,UD NASYIAH (PERSERO) TBK,14 588 214,12,AKTIF,False,True,True,FORMAT_NPWP_TIDAK_BAKU
CEISA,9250713339597,UD MARYADI OKTAVIANI TBK,754456I94558656,21,AKTIF,False,True,True,FORMAT_NPWP_TIDAK_BAKU
CEISA,3167290037247,PD ARYANI SINAGA TBK (CABANG),499554903,35,AKTIF,False,True,True,FORMAT_NPWP_TIDAK_BAKU
CEISA,9699885793834,UD HARYANTI WASKITA,79O35IIO7O22794,51,AKTIF,False,True,True,FORMAT_NPWP_TIDAK_BAKU
CEISA,9863834669081,PERUM TAMBA (PERSERO) TBK,195460710,33,AKTIF,False,True,True,FORMAT_NPWP_TIDAK_BAKU
CEISA,6300979251327,UD YOLANDA IRAWAN,49 687 293,35,AKTIF,False,True,True,FORMAT_NPWP_TIDAK_BAKU
CEISA,2045315703390,PD MANGUNSONG,38 985 376,35,AKTIF,False,True,True,FORMAT_NPWP_TIDAK_BAKU
CEISA,3509397114776,UD PUSPASARI,602046092,12,AKTIF,False,True,True,FORMAT_NPWP_TIDAK_BAKU
CEISA,1915879200868,PT SAFITRI TBK,950328698,33,AKTIF,False,True,True,FORMAT_NPWP_TIDAK_BAKU
CEISA,0082244913061,UD NAINGGOLAN,156912080,36,DIBEKUKAN,False,True,True,FORMAT_NPWP_TIDAK_BAKU
CEISA,8845490867813,PT SAFITRI (PERSERO) TBK,989068916,31,AKTIF,False,True,True,FORMAT_NPWP_TIDAK_BAKU
CEISA,1168669890949,UD NOVITASARI WASITA (PERSERO) TBK,7O39I6I88846232,33,AKTIF,False,True,True,FORMAT_NPWP_TIDAK_BAKU
CEISA,4421065100460,PD KUSWOYO SAFITRI TBK,75OO879427I8I2I,35,AKTIF,False,True,True,FORMAT_NPWP_TIDAK_BAKU
CEISA,7883584341765,PD PRADANA ADRIANSYAH TBK,673239472,12,AKTIF,False,True,True,FORMAT_NPWP_TIDAK_BAKU
CEISA,6578661000059,PERUM UWAIS FIRMANSYAH,027956715,73,DICABUT,False,True,True,FORMAT_NPWP_TIDAK_BAKU
CEISA,3037597553412,PERUM MARYATI PRATIWI TBK,29 600 772,12,AKTIF,False,True,True,FORMAT_NPWP_TIDAK_BAKU
CEISA,0818372603463,PD PRAYOGA TBK (CABANG),897916091,51,AKTIF,False,True,True,FORMAT_NPWP_TIDAK_BAKU
CEISA,5516877001848,PD SALAHUDIN KURNIAWAN TBK,94 489 437,32,AKTIF,False,True,True,FORMAT_NPWP_TIDAK_BAKU
CEISA,9511303076617,PERUM RAMADAN PRAYOGA,28 951 894,33,AKTIF,False,True,True,FORMAT_NPWP_TIDAK_BAKU
CEISA,1878519108839,PERUM HARYANTI HARYANTO (PERSERO) TBK (CABANG),96 749 199,18,AKTIF,False,True,True,FORMAT_NPWP_TIDAK_BAKU
CEISA,4051531952058,CV SAEFULLAH,O499O36IO2I6636,91,AKTIF,False,True,True,FORMAT_NPWP_TIDAK_BAKU
CEISA,0858752193269,PT PRANOWO TBK,47 436 717,35,AKTIF,False,True,True,FORMAT_NPWP_TIDAK_BAKU
CEISA,0647088704491,CV ASTUTI,596O5I5868I829I,35,DIBEKUKAN,False,True,True,FORMAT_NPWP_TIDAK_BAKU
CEISA,1918182819793,CV MANDALA THAMRIN TBK,95 990 509,18,AKTIF,False,True,True,FORMAT_NPWP_TIDAK_BAKU
CEISA,0074321056901,CV SITOMPUL SETIAWAN TBK,44 028 000,21,AKTIF,False,True,True,FORMAT_NPWP_TIDAK_BAKU
CEISA,9024756707702,PD ADRIANSYAH TBK (CABANG),2IO7O8687689394,12,AKTIF,False,True,True,FORMAT_NPWP_TIDAK_BAKU
CEISA,4439284044566,CV FIRGANTORO NABABAN,24I84O698827339,32,AKTIF,False,True,True,FORMAT_NPWP_TIDAK_BAKU
CEISA,5856423041202,UD PUSPITA PURWANTI (PERSERO) TBK,512010786,64,AKTIF,False,True,True,FORMAT_NPWP_TIDAK_BAKU
CEISA,5834417309818,PT NASHIRUDDIN MANDALA (PERSERO) TBK,07 870 953,33,DICABUT,False,True,True,FORMAT_NPWP_TIDAK_BAKU
CEISA,7945232194168,PD HUTAPEA RAHIMAH (PERSERO) TBK,777869560,73,AKTIF,False,True,True,FORMAT_NPWP_TIDAK_BAKU
CEISA,1244322208775,UD KUSWANDARI,46 820 877,64,AKTIF,False,True,True,FORMAT_NPWP_TIDAK_BAKU
CEISA,5753045370747,PD SIHOTANG TBK,42I6483II7I4448,35,AKTIF,False,True,True,FORMAT_NPWP_TIDAK_BAKU
CEISA,8404291037497,PT PUSPASARI TBK,91 506 334,12,AKTIF,False,True,True,FORMAT_NPWP_TIDAK_BAKU
CEISA,7239532791823,PERUM AGUSTINA WALUYO TBK,73O27555II43457,16,AKTIF,False,True,True,FORMAT_NPWP_TIDAK_BAKU
CEISA,5611874074991,PD THAMRIN TBK,748182483,35,DIBEKUKAN,False,True,True,FORMAT_NPWP_TIDAK_BAKU
CEISA,1372308172143,PT SIHOMBING,58 653 893,35,AKTIF,False,True,True,FORMAT_NPWP_TIDAK_BAKU
CEISA,1887223530336,PD THAMRIN TBK,8OO58I4II9O9O88,91,DIBEKUKAN,False,True,True,FORMAT_NPWP_TIDAK_BAKU
CEISA,6616689409363,PT GUNAWAN YULIARTI,225444859I52548,21,AKTIF,False,True,True,FORMAT_NPWP_TIDAK_BAKU
CEISA,2418621042752,PD NAPITUPULU TBK,9IIO544I24629IO,31,AKTIF,False,True,True,FORMAT_NPWP_TIDAK_BAKU
CEISA,1844490295026,PD NASYIDAH WINARNO,81 675 716,12,AKTIF,False,True,True,FORMAT_NPWP_TIDAK_BAKU
CEISA,0719600490214,PD ARYANI RAMADAN (PERSERO) TBK (CABANG),508645875,51,AKTIF,False,True,True,FORMAT_NPWP_TIDAK_BAKU
CEISA,1255592214632,UD WASTUTI UWAIS,33 932 669,35,AKTIF,False,True,True,FORMAT_NPWP_TIDAK_BAKU
CEISA,5323167781456,PD PANGESTU SARAGIH,474001302,18,DICABUT,False,True,True,FORMAT_NPWP_TIDAK_BAKU
CEISA,5861341749195,UD SAEFULLAH TBK,374867OO47O3843,35,AKTIF,False,True,True,FORMAT_NPWP_TIDAK_BAKU
CEISA,8983314659116,UD FARIDA TBK,044039475,64,AKTIF,False,True,True,FORMAT_NPWP_TIDAK_BAKU
CEISA,9618303862898,UD SUARTINI LAILASARI,I94439782325O5I,64,AKTIF,False,True,True,FORMAT_NPWP_TIDAK_BAKU
CEISA,0580987079191,CV FIRMANSYAH TBK,48 468 787,12,AKTIF,False,True,True,FORMAT_NPWP_TIDAK_BAKU
CEISA,4491342138820,UD ANGGRIAWAN MANDASARI,24 025 277,35,AKTIF,False,True,True,FORMAT_NPWP_TIDAK_BAKU
CEISA,6609547006039,PERUM PRATAMA RAJASA TBK,OOO657222I86832,35,AKTIF,False,True,True,FORMAT_NPWP_TIDAK_BAKU
CEISA,9412641060326,UD ANGGRAINI TBK (CABANG),36IO443725OOO27,12,AKTIF,False,True,True,FORMAT_NPWP_TIDAK_BAKU
CEISA,3079582546772,PERUM SUSANTI,928101322,32,AKTIF,False,True,True,FORMAT_NPWP_TIDAK_BAKU
CEISA,5994264076089,PD SUSANTI,639044839,31,AKTIF,False,True,True,FORMAT_NPWP_TIDAK_BAKU
CEISA,8968335570773,PT AGUSTINA WIBOWO TBK,I5I67445I998287,91,AKTIF,False,True,True,FORMAT_NPWP_TIDAK_BAKU
CEISA,4283267011678,UD SIMBOLON ISWAHYUDI,12 946 715,61,AKTIF,False,True,True,FORMAT_NPWP_TIDAK_BAKU
CEISA,3139816734351,PT PRASTUTI (PERSERO) TBK,8O383497265689O,31,AKTIF,False,True,True,FORMAT_NPWP_TIDAK_BAKU
CEISA,7595770483215,CV FIRMANSYAH TBK,30 665 952,51,AKTIF,False,True,True,FORMAT_NPWP_TIDAK_BAKU
CEISA,6778953249753,UD WASTUTI TBK,13 662 114,12,AKTIF,False,True,True,FORMAT_NPWP_TIDAK_BAKU
CEISA,2392409851431,PT NAINGGOLAN (PERSERO) TBK,9775O4448783478,61,AKTIF,False,True,True,FORMAT_NPWP_TIDAK_BAKU
CEISA,7493135276255,PT LATUPONO PUSPITA (PERSERO) TBK,34 068 743,21,AKTIF,False,True,True,FORMAT_NPWP_TIDAK_BAKU
CEISA,8000195940874,PERUM OKTAVIANI (CABANG),14 288 022,16,AKTIF,False,True,True,FORMAT_NPWP_TIDAK_BAKU
CEISA,0852471953530,PERUM GUNARTO RAJATA,99I879I4I947864,33,AKTIF,False,True,True,FORMAT_NPWP_TIDAK_BAKU
CEISA,0888850372193,UD MELANI NAJMUDIN,372I322972O93I7,31,AKTIF,False,True,True,FORMAT_NPWP_TIDAK_BAKU
CEISA,5588348564327,UD GUNAWAN,530274964,12,AKTIF,False,True,True,FORMAT_NPWP_TIDAK_BAKU
CEISA,1496112879429,CV UTAMA KUSUMO,19 450 209,33,AKTIF,False,True,True,FORMAT_NPWP_TIDAK_BAKU
CEISA,9821777695644,UD UWAIS,226493975,51,AKTIF,False,True,True,FORMAT_NPWP_TIDAK_BAKU
CEISA,4526471246335,PD ANGGRAINI,166034096,35,AKTIF,False,True,True,FORMAT_NPWP_TIDAK_BAKU
CEISA,7688687859964,UD HIDAYANTO,350533256,36,AKTIF,False,True,True,FORMAT_NPWP_TIDAK_BAKU
CEISA,7259849419228,PERUM MANGUNSONG MAULANA,272573748,12,AKTIF,False,True,True,FORMAT_NPWP_TIDAK_BAKU
CEISA,7067077924454,CV SIRAIT TBK,30 583 868,64,DIBEKUKAN,False,True,True,FORMAT_NPWP_TIDAK_BAKU
CEISA,5418236881013,PD FIRGANTORO PRATIWI TBK,75624522O688I58,31,AKTIF,False,True,True,FORMAT_NPWP_TIDAK_BAKU
CEISA,6143456486711,CV SAPUTRA PRANOWO,772OO97I66855IO,51,AKTIF,False,True,True,FORMAT_NPWP_TIDAK_BAKU
CEISA,0872800883993,UD HARTATI,938520633,33,AKTIF,False,True,True,FORMAT_NPWP_TIDAK_BAKU
CEISA,9670692195873,PERUM HIDAYANTO TBK,905435360,12,AKTIF,False,True,True,FORMAT_NPWP_TIDAK_BAKU
CEISA,8387890345029,PT HIDAYANTO OKTAVIANI,10 840 639,31,AKTIF,False,True,True,FORMAT_NPWP_TIDAK_BAKU
CEISA,8085133138004,UD ZULAIKA PADMASARI,43 207 741,73,AKTIF,False,True,True,FORMAT_NPWP_TIDAK_BAKU
CEISA,2749033122239,PERUM WASKITA SUWARNO,72 248 727,18,AKTIF,False,True,True,FORMAT_NPWP_TIDAK_BAKU
CEISA,1277997995527,CV WIBOWO,993269974834O49,51,AKTIF,False,True,True,FORMAT_NPWP_TIDAK_BAKU
CEISA,5054322602784,PERUM HIDAYAT TBK,I3837OI28I9OI35,31,AKTIF,False,True,True,FORMAT_NPWP_TIDAK_BAKU
CEISA,1567261736292,PD DABUKKE TBK,06 435 979,51,AKTIF,False,True,True,FORMAT_NPWP_TIDAK_BAKU
CEISA,7189241956252,PD SETIAWAN BUDIMAN TBK,605239082,36,AKTIF,False,True,True,FORMAT_NPWP_TIDAK_BAKU
CEISA,3834306903556,CV WIJAYANTI (PERSERO) TBK,250358987,73,AKTIF,False,True,True,FORMAT_NPWP_TIDAK_BAKU
CEISA,7442751310101,PD WASTUTI,12 216 382,12,AKTIF,False,True,True,FORMAT_NPWP_TIDAK_BAKU
CEISA,7117120345741,UD FIRGANTORO TBK,8952885948967I8,61,DICABUT,False,True,True,FORMAT_NPWP_TIDAK_BAKU
CEISA,7831269223966,PD HARYANTO,06 828 246,16,DICABUT,False,True,True,FORMAT_NPWP_TIDAK_BAKU
CEISA,8747155899254,PERUM PURWANTI (CABANG),557766421,18,AKTIF,False,True,True,FORMAT_NPWP_TIDAK_BAKU
CEISA,3932501249552,PD FARIDA (CABANG),48I456O69587476,51,DICABUT,False,True,True,FORMAT_NPWP_TIDAK_BAKU
CEISA,9655239170335,CV NURAINI ASTUTI,313166640,31,DICABUT,False,True,True,FORMAT_NPWP_TIDAK_BAKU
CEISA,0430241935080,UD WASKITA,94 768 972,35,DICABUT,False,True,True,FORMAT_NPWP_TIDAK_BAKU
CEISA,4781676634208,PT DABUKKE UWAIS,50 838 899,73,AKTIF,False,True,True,FORMAT_NPWP_TIDAK_BAKU
CEISA,4144127579880,PERUM KUSWANDARI SUARTINI (PERSERO) TBK,025042155,64,DICABUT,False,True,True,FORMAT_NPWP_TIDAK_BAKU
CEISA,1596378131915,UD IRAWAN (PERSERO) TBK,I338O6O973OI524,21,AKTIF,False,True,True,FORMAT_NPWP_TIDAK_BAKU
CEISA,3541165972634,UD HUTAGALUNG TBK (CABANG),96 868 913,21,DICABUT,False,True,True,FORMAT_NPWP_TIDAK_BAKU
CEISA,0953855742164,PT HARTATI RAJASA,92484968448I773,61,AKTIF,False,True,True,FORMAT_NPWP_TIDAK_BAKU
CEISA,0187703325704,HAKIM (CABANG),360111617,33,AKTIF,False,True,True,FORMAT_NPWP_TIDAK_BAKU
CEISA,0013302148904,PT SIHOMBING (PERSERO) TBK,744645332,35,AKTIF,False,True,True,FORMAT_NPWP_TIDAK_BAKU
CEISA,0276223984742,CV MANULLANG,03 751 646,33,AKTIF,False,True,True,FORMAT_NPWP_TIDAK_BAKU
CEISA,4562446220165,PD ARYANI TBK,43 038 889,91,AKTIF,False,True,True,FORMAT_NPWP_TIDAK_BAKU
CEISA,9072631068154,PERUM SURYONO FIRGANTORO TBK,31 155 529,12,DICABUT,False,True,True,FORMAT_NPWP_TIDAK_BAKU
CEISA,0504726097962,PD HUTAPEA RAJATA TBK,582462164,36,AKTIF,False,True,True,FORMAT_NPWP_TIDAK_BAKU
CEISA,2410420710156,PERUM MARBUN (PERSERO) TBK,948074119,31,AKTIF,False,True,True,FORMAT_NPWP_TIDAK_BAKU
CEISA,2831800366602,CV KUSWANDARI (PERSERO) TBK,49 401 098,35,AKTIF,False,True,True,FORMAT_NPWP_TIDAK_BAKU
CEISA,3118327223175,PT HARTATI ZULAIKA (PERSERO) TBK,857383IO363I244,35,DICABUT,False,True,True,FORMAT_NPWP_TIDAK_BAKU
CEISA,7817623255881,PD RAJATA (PERSERO) TBK,31 291 892,73,AKTIF,False,True,True,FORMAT_NPWP_TIDAK_BAKU
CEISA,2534044440721,UD MAHESWARA NOVITASARI,117120483,12,AKTIF,False,True,True,FORMAT_NPWP_TIDAK_BAKU
CEISA,3738013184341,PD PUDJIASTUTI TBK,64665I694825IOI,61,AKTIF,False,True,True,FORMAT_NPWP_TIDAK_BAKU
CEISA,3384438963348,CV SUARTINI (CABANG),9I439546O965889,21,AKTIF,False,True,True,FORMAT_NPWP_TIDAK_BAKU
CEISA,9793183997984,UD MARPAUNG,O227928O3494O63,31,AKTIF,False,True,True,FORMAT_NPWP_TIDAK_BAKU
CEISA,9255830035808,CV YULIARTI,914468438,51,AKTIF,False,True,True,FORMAT_NPWP_TIDAK_BAKU
CEISA,0235472240553,CV HASTUTI (PERSERO) TBK (CABANG),02 597 779,51,AKTIF,False,True,True,FORMAT_NPWP_TIDAK_BAKU
CEISA,4902374326924,PT WINARSIH HABIBI TBK,462O7O9O24736II,31,AKTIF,False,True,True,FORMAT_NPWP_TIDAK_BAKU
CEISA,4551924152863,UD PRANOWO TBK,346467255,16,AKTIF,False,True,True,FORMAT_NPWP_TIDAK_BAKU
CEISA,6328396775729,PT YOLANDA,946329708,91,AKTIF,False,True,True,FORMAT_NPWP_TIDAK_BAKU
CEISA,5092628975720,UD RIYANTI (CABANG),67 754 847,35,AKTIF,False,True,True,FORMAT_NPWP_TIDAK_BAKU
CEISA,2967175655125,PERUM GUNARTO,7565IO639I6O437,21,DICABUT,False,True,True,FORMAT_NPWP_TIDAK_BAKU
CEISA,7649737805342,UD RAJATA,00 730 217,18,DIBEKUKAN,False,True,True,FORMAT_NPWP_TIDAK_BAKU
CEISA,7781173712383,SIHOMBING (CABANG),61 056 755,31,AKTIF,False,True,True,FORMAT_NPWP_TIDAK_BAKU
CEISA,8452405416833,CV NATSIR KUSWOYO TBK,87 033 836,31,AKTIF,False,True,True,FORMAT_NPWP_TIDAK_BAKU
CEISA,2839175673508,PD HASANAH TBK (CABANG),932I45I8487O566,12,AKTIF,False,True,True,FORMAT_NPWP_TIDAK_BAKU
CEISA,0447853805794,PD PRABOWO TBK,887836191,35,DIBEKUKAN,False,True,True,FORMAT_NPWP_TIDAK_BAKU
CEISA,4607455534705,CV ADRIANSYAH PRASETYO (PERSERO) TBK,44 157 389,73,AKTIF,False,True,True,FORMAT_NPWP_TIDAK_BAKU
CEISA,0284571869198,CV ANGGRIAWAN (PERSERO) TBK,78I6O9I32949499,12,AKTIF,False,True,True,FORMAT_NPWP_TIDAK_BAKU
CEISA,4676654209866,PD ASTUTI (PERSERO) TBK,806191971,31,DICABUT,False,True,True,FORMAT_NPWP_TIDAK_BAKU
CEISA,1674742768551,PERUM WALUYO WULANDARI,95 711 309,33,AKTIF,False,True,True,FORMAT_NPWP_TIDAK_BAKU
CEISA,4141246765358,PD WINARNO,O9O849965I643OO,31,AKTIF,False,True,True,FORMAT_NPWP_TIDAK_BAKU
CEISA,7755426190384,UD WALUYO NASYIAH TBK,56 795 128,21,DICABUT,False,True,True,FORMAT_NPWP_TIDAK_BAKU
CEISA,4832348634152,PERUM PRATAMA MAHESWARA (PERSERO) TBK,18 449 944,12,AKTIF,False,True,True,FORMAT_NPWP_TIDAK_BAKU
CEISA,4072524082416,UD FUJIATI TBK,89 789 274,51,AKTIF,False,True,True,FORMAT_NPWP_TIDAK_BAKU
CEISA,1574932511497,PD HARYANTO HALIMAH TBK,40 866 377,35,AKTIF,False,True,True,FORMAT_NPWP_TIDAK_BAKU
CEISA,7691749706527,CV WALUYO TBK,74 823 874,61,AKTIF,False,True,True,FORMAT_NPWP_TIDAK_BAKU
CEISA,3213305878928,PD HUTASOIT SAPTONO,480489148,91,AKTIF,False,True,True,FORMAT_NPWP_TIDAK_BAKU
CEISA,4576883351660,PT RAJATA (PERSERO) TBK,259I69853827I82,18,AKTIF,False,True,True,FORMAT_NPWP_TIDAK_BAKU
CEISA,1574367152832,CV RIYANTI TBK,2O78O4IIO276559,64,AKTIF,False,True,True,FORMAT_NPWP_TIDAK_BAKU
CEISA,2876704447186,PERUM NAINGGOLAN TBK,334I876O9877337,64,AKTIF,False,True,True,FORMAT_NPWP_TIDAK_BAKU
CEISA,7021461690476,PERUM SIREGAR,7892O8896377878,91,AKTIF,False,True,True,FORMAT_NPWP_TIDAK_BAKU
CEISA,5542034030109,PERUM IRAWAN FARIDA (CABANG),50 218 968,51,AKTIF,False,True,True,FORMAT_NPWP_TIDAK_BAKU
CEISA,9242811236293,CV SUDIATI TBK,670764993,18,AKTIF,False,True,True,FORMAT_NPWP_TIDAK_BAKU
CEISA,8053343265882,PT HARIYAH TBK,03 494 999,21,AKTIF,False,True,True,FORMAT_NPWP_TIDAK_BAKU
CEISA,4213601714722,PERUM HUTASOIT DAMANIK (PERSERO) TBK,5452845884OO358,35,DIBEKUKAN,False,True,True,FORMAT_NPWP_TIDAK_BAKU
CEISA,7056806640021,CV YUNIAR,251902657,12,AKTIF,False,True,True,FORMAT_NPWP_TIDAK_BAKU
CEISA,5528993160875,CV SAPTONO,712541846,36,AKTIF,False,True,True,FORMAT_NPWP_TIDAK_BAKU
CEISA,7213963620916,PT MARBUN (PERSERO) TBK,116241183,12,AKTIF,False,True,True,FORMAT_NPWP_TIDAK_BAKU
CEISA,8406157363561,PERUM HALIM (CABANG),280290377,73,AKTIF,False,True,True,FORMAT_NPWP_TIDAK_BAKU
CEISA,1627970669995,CV HARDIANSYAH (PERSERO) TBK,633O66O62578866,61,AKTIF,False,True,True,FORMAT_NPWP_TIDAK_BAKU
CEISA,1571171321940,PERUM HASANAH MARDHIYAH (CABANG),5456O654I486OI9,31,AKTIF,False,True,True,FORMAT_NPWP_TIDAK_BAKU
CEISA,0296705035623,PD NASYIAH (PERSERO) TBK,40 577 364,12,AKTIF,False,True,True,FORMAT_NPWP_TIDAK_BAKU
CEISA,6034611738635,PD SARAGIH NAJMUDIN (CABANG),318513728,21,AKTIF,False,True,True,FORMAT_NPWP_TIDAK_BAKU
CEISA,3306773954475,CV WACANA TBK,988633OI3I74349,12,DIBEKUKAN,False,True,True,FORMAT_NPWP_TIDAK_BAKU
CEISA,3264353471379,CV NARPATI ADRIANSYAH,238902640,73,AKTIF,False,True,True,FORMAT_NPWP_TIDAK_BAKU
CEISA,1636172967178,PERUM PANGESTU (PERSERO) TBK,39836485I77OO9I,64,AKTIF,False,True,True,FORMAT_NPWP_TIDAK_BAKU
CEISA,6041348208493,PD NAMAGA,419867841,35,DIBEKUKAN,False,True,True,FORMAT_NPWP_TIDAK_BAKU
CEISA,1477092071152,PD HANDAYANI WIBISONO TBK,23I3346O5O346O3,35,AKTIF,False,True,True,FORMAT_NPWP_TIDAK_BAKU
CEISA,9111108518466,PERUM UYAINAH (CABANG),O286745375546O9,73,DIBEKUKAN,False,True,True,FORMAT_NPWP_TIDAK_BAKU
CEISA,5764603632428,PD HIDAYAT,604058377,35,DICABUT,False,True,True,FORMAT_NPWP_TIDAK_BAKU
CEISA,2362784237405,CV PUSPASARI WIJAYA TBK,040572750,21,AKTIF,False,True,True,FORMAT_NPWP_TIDAK_BAKU
CEISA,8685643476088,PD WACANA WASTUTI (PERSERO) TBK,71 122 468,21,AKTIF,False,True,True,FORMAT_NPWP_TIDAK_BAKU
CEISA,3853000900632,CV HUTAPEA SITUMORANG (PERSERO) TBK,I67I2OI84929644,36,AKTIF,False,True,True,FORMAT_NPWP_TIDAK_BAKU
CEISA,9140269631555,PERUM PRASASTA PUSPASARI TBK,910660903,21,AKTIF,False,True,True,FORMAT_NPWP_TIDAK_BAKU
CEISA,6136763485285,PT NASHIRUDDIN,7O9I943926I9I38,32,AKTIF,False,True,True,FORMAT_NPWP_TIDAK_BAKU
CEISA,9265835273839,CV NOVITASARI,20 979 033,31,AKTIF,False,True,True,FORMAT_NPWP_TIDAK_BAKU
CEISA,2138059519484,PERUM TAMPUBOLON,I83979847934476,21,AKTIF,False,True,True,FORMAT_NPWP_TIDAK_BAKU
CEISA,2201388253208,PERUM NURAINI TBK (CABANG),513430988,91,AKTIF,False,True,True,FORMAT_NPWP_TIDAK_BAKU
CEISA,4224417539677,PD NURDIYANTI USAMAH (PERSERO) TBK,842759272,35,AKTIF,False,True,True,FORMAT_NPWP_TIDAK_BAKU
CEISA,5071297258871,UD WASITA,398324111,36,AKTIF,False,True,True,FORMAT_NPWP_TIDAK_BAKU
CEISA,3192227051028,CV SITOMPUL,456978989,32,AKTIF,False,True,True,FORMAT_NPWP_TIDAK_BAKU
CEISA,2894438826976,PD LAKSITA UTAMA (PERSERO) TBK,O5IO76743933I83,21,AKTIF,False,True,True,FORMAT_NPWP_TIDAK_BAKU
CEISA,8186955961689,PERUM KURNIAWAN (CABANG),517368271,35,AKTIF,False,True,True,FORMAT_NPWP_TIDAK_BAKU
CEISA,0904660287902,UD SANTOSO,I7652786222O458,21,AKTIF,False,True,True,FORMAT_NPWP_TIDAK_BAKU
CEISA,6408194448902,UD PUSPASARI SITOMPUL TBK (CABANG),495537686,51,AKTIF,False,True,True,FORMAT_NPWP_TIDAK_BAKU
CEISA,9673311677269,CV WINARNO,77 910 788,35,AKTIF,False,True,True,FORMAT_NPWP_TIDAK_BAKU
CEISA,2190340438427,CV HABIBI JANUAR,78I2983769972O5,35,AKTIF,False,True,True,FORMAT_NPWP_TIDAK_BAKU
CEISA,1770591361856,PRADANA PANGESTU (CABANG),63 441 660,16,AKTIF,False,True,True,FORMAT_NPWP_TIDAK_BAKU
CEISA,2341326111780,PD MARYATI WAHYUDIN (PERSERO) TBK,7O6O2622858I838,35,AKTIF,False,True,True,FORMAT_NPWP_TIDAK_BAKU
CEISA,7293706258736,PT RIYANTI MELANI,75 767 627,33,DICABUT,False,True,True,FORMAT_NPWP_TIDAK_BAKU
CEISA,4220340401134,PT NASHIRUDDIN (PERSERO) TBK,88 665 834,33,AKTIF,False,True,True,FORMAT_NPWP_TIDAK_BAKU
CEISA,5933688301160,CV UWAIS HASSANAH,857470472,32,DIBEKUKAN,False,True,True,FORMAT_NPWP_TIDAK_BAKU
CEISA,6668470726027,PERUM UWAIS HARIYAH TBK,81 155 262,16,AKTIF,False,True,True,FORMAT_NPWP_TIDAK_BAKU
CEISA,8331265281007,PT HIDAYANTO (PERSERO) TBK,384563227,91,AKTIF,False,True,True,FORMAT_NPWP_TIDAK_BAKU
CEISA,2566180610853,PERUM ANDRIANI,03 273 892,31,AKTIF,False,True,True,FORMAT_NPWP_TIDAK_BAKU
CEISA,0882206318641,PT SIREGAR ANGGRIAWAN (PERSERO) TBK,173361010,33,AKTIF,False,True,True,FORMAT_NPWP_TIDAK_BAKU
CEISA,8438281404624,PD WAHYUDIN WULANDARI TBK,79 015 175,18,AKTIF,False,True,True,FORMAT_NPWP_TIDAK_BAKU
CEISA,5237597953192,PERUM LAZUARDI (PERSERO) TBK,675109621,16,AKTIF,False,True,True,FORMAT_NPWP_TIDAK_BAKU
CEISA,7132092326772,CV UYAINAH TBK,982OOO63O785385,33,AKTIF,False,True,True,FORMAT_NPWP_TIDAK_BAKU
CEISA,4689715273230,PERUM PRANOWO PRASETYO TBK,92 943 622,16,AKTIF,False,True,True,FORMAT_NPWP_TIDAK_BAKU
CEISA,4063516098414,UD PUSPASARI (CABANG),4484I9I5O47O842,33,AKTIF,False,True,True,FORMAT_NPWP_TIDAK_BAKU
CEISA,4496410496706,PD RAHIMAH SITOMPUL TBK,13 448 794,73,AKTIF,False,True,True,FORMAT_NPWP_TIDAK_BAKU
CEISA,6942505562975,FARIDA (CABANG),9588893664769I8,35,AKTIF,False,True,True,FORMAT_NPWP_TIDAK_BAKU
CEISA,9493331696503,CV HASTUTI,279745108,36,AKTIF,False,True,True,FORMAT_NPWP_TIDAK_BAKU
CEISA,4077488168204,PERUM KUSWANDARI MARYADI,10 526 783,18,AKTIF,False,True,True,FORMAT_NPWP_TIDAK_BAKU
CEISA,1423115479704,CV RIYANTI SIREGAR TBK,40 921 788,91,DIBEKUKAN,False,True,True,FORMAT_NPWP_TIDAK_BAKU
CEISA,0223804534782,PERUM RAJATA HASSANAH,80 859 058,35,AKTIF,False,True,True,FORMAT_NPWP_TIDAK_BAKU
CEISA,0850749113928,UD SAFITRI (PERSERO) TBK (CABANG),75 792 121,33,AKTIF,False,True,True,FORMAT_NPWP_TIDAK_BAKU
CEISA,2261673366053,PT SIHOMBING HAKIM,9724358828442I3,12,AKTIF,False,True,True,FORMAT_NPWP_TIDAK_BAKU
CEISA,8910953100179,PT MELANI PERTIWI,89 354 755,21,DICABUT,False,True,True,FORMAT_NPWP_TIDAK_BAKU
CEISA,6214598484716,UD ANGGRIAWAN TBK,4II7542262452O8,16,AKTIF,False,True,True,FORMAT_NPWP_TIDAK_BAKU
CEISA,7430003896087,PT SAFITRI ZULKARNAIN (PERSERO) TBK,469559236,16,DIBEKUKAN,False,True,True,FORMAT_NPWP_TIDAK_BAKU
CEISA,0765133529495,PT PRASTUTI,473941763,35,AKTIF,False,True,True,FORMAT_NPWP_TIDAK_BAKU
CEISA,0160140430445,PD RAHIMAH TBK,8487I34327687I5,33,AKTIF,False,True,True,FORMAT_NPWP_TIDAK_BAKU
CEISA,1882978768245,UD BUDIYANTO ARDIANTO,716078434,12,AKTIF,False,True,True,FORMAT_NPWP_TIDAK_BAKU
CEISA,0506989354646,CV WASKITA MUSTOFA TBK,793072997,18,DIBEKUKAN,False,True,True,FORMAT_NPWP_TIDAK_BAKU
CEISA,4189389846908,UD PRAYOGA (PERSERO) TBK,521607996,12,DIBEKUKAN,False,True,True,FORMAT_NPWP_TIDAK_BAKU
CEISA,9122276158425,PERUM NASYIAH,321615885,36,AKTIF,False,True,True,FORMAT_NPWP_TIDAK_BAKU
CEISA,4200287340362,PT SURYATMI WASTUTI (PERSERO) TBK,3967O55IIO2IOOI,21,AKTIF,False,True,True,FORMAT_NPWP_TIDAK_BAKU
CEISA,6574858685873,PD AGUSTINA DABUKKE (PERSERO) TBK,59272643O684788,12,AKTIF,False,True,True,FORMAT_NPWP_TIDAK_BAKU
CEISA,6847289630812,UD WIJAYANTI TBK,376897203,18,AKTIF,False,True,True,FORMAT_NPWP_TIDAK_BAKU
CEISA,3395275367497,UD SIREGAR WIDIASTUTI (PERSERO) TBK,854479862,12,DIBEKUKAN,False,True,True,FORMAT_NPWP_TIDAK_BAKU
CEISA,3057543700984,PERUM SIRAIT TBK,56 661 452,18,AKTIF,False,True,True,FORMAT_NPWP_TIDAK_BAKU
CEISA,9209819602752,PERUM WIJAYA (PERSERO) TBK,629588038,35,AKTIF,False,True,True,FORMAT_NPWP_TIDAK_BAKU
CEISA,0310262370506,CV OKTAVIANI,25I54867O2466I3,73,AKTIF,False,True,True,FORMAT_NPWP_TIDAK_BAKU
CEISA,0093911192692,CV LAKSMIWATI WIBOWO TBK (CABANG),19 995 521,91,AKTIF,False,True,True,FORMAT_NPWP_TIDAK_BAKU
CEISA,1658413009322,PERUM HUTASOIT SIHOMBING (CABANG),15 816 498,16,AKTIF,False,True,True,FORMAT_NPWP_TIDAK_BAKU
CEISA,8298132027257,UD KUSUMO PANGESTU (CABANG),56 895 179,12,AKTIF,False,True,True,FORMAT_NPWP_TIDAK_BAKU
CEISA,9566003011962,PD MANULLANG MARBUN TBK,10 058 104,32,AKTIF,False,True,True,FORMAT_NPWP_TIDAK_BAKU
CEISA,0159380962786,PT UWAIS PERTIWI,457I54O69O59543,12,AKTIF,False,True,True,FORMAT_NPWP_TIDAK_BAKU
CEISA,1332780911914,PT NATSIR BUDIYANTO,736302832,35,DICABUT,False,True,True,FORMAT_NPWP_TIDAK_BAKU
CEISA,4658159668492,CV MANDALA,97 593 398,73,AKTIF,False,True,True,FORMAT_NPWP_TIDAK_BAKU
CEISA,0861759896224,CV PRATAMA RAJATA (PERSERO) TBK,356175598,73,DICABUT,False,True,True,FORMAT_NPWP_TIDAK_BAKU
CEISA,7620901447340,PERUM SUDIATI TBK (CABANG),32 080 484,18,AKTIF,False,True,True,FORMAT_NPWP_TIDAK_BAKU
CEISA,7306629315181,PD JAILANI PRAYOGA (PERSERO) TBK,714290864,33,AKTIF,False,True,True,FORMAT_NPWP_TIDAK_BAKU
CEISA,0239291496733,CV MAYASARI TBK,51 247 047,51,AKTIF,False,True,True,FORMAT_NPWP_TIDAK_BAKU
CEISA,2467375679847,PERUM ADRIANSYAH,6III777OI477495,12,AKTIF,False,True,True,FORMAT_NPWP_TIDAK_BAKU
CEISA,2931839335290,UD WINARSIH (PERSERO) TBK,30 527 635,61,AKTIF,False,True,True,FORMAT_NPWP_TIDAK_BAKU
CEISA,9476461261499,UD KUSWOYO DABUKKE,828998910,51,AKTIF,False,True,True,FORMAT_NPWP_TIDAK_BAKU
CEISA,2681931922941,UD MAHESWARA PUSPITA,570340861,31,AKTIF,False,True,True,FORMAT_NPWP_TIDAK_BAKU
CEISA,0913675916449,PD ANGGRIAWAN SITORUS,637482527,33,AKTIF,False,True,True,FORMAT_NPWP_TIDAK_BAKU
CEISA,2859693259140,PD SITORUS SIRAIT (PERSERO) TBK,875195388,61,AKTIF,False,True,True,FORMAT_NPWP_TIDAK_BAKU
CEISA,3995258000963,PT WIDIASTUTI PADMASARI TBK,778688868,33,AKTIF,False,True,True,FORMAT_NPWP_TIDAK_BAKU
CEISA,0456847756269,CV PUSPASARI (CABANG),145003340,33,DIBEKUKAN,False,True,True,FORMAT_NPWP_TIDAK_BAKU
CEISA,7511948933363,PERUM RAHIMAH (PERSERO) TBK,71 395 209,12,AKTIF,False,True,True,FORMAT_NPWP_TIDAK_BAKU
CEISA,0369155426026,CV PRASASTA (PERSERO) TBK (CABANG),880449357,35,AKTIF,False,True,True,FORMAT_NPWP_TIDAK_BAKU
CEISA,5859883103032,PERUM PUTRA,817168307,64,AKTIF,False,True,True,FORMAT_NPWP_TIDAK_BAKU
CEISA,6293956136151,CV NAMAGA (PERSERO) TBK,40 850 603,12,AKTIF,False,True,True,FORMAT_NPWP_TIDAK_BAKU
CEISA,6329451168685,PERUM PANGESTU,639321943,64,DICABUT,False,True,True,FORMAT_NPWP_TIDAK_BAKU
CEISA,0912045938795,UD UWAIS (PERSERO) TBK (CABANG),796872830,91,AKTIF,False,True,True,FORMAT_NPWP_TIDAK_BAKU
CEISA,1614384039726,PT MANDALA SAPTONO TBK,18 581 668,51,AKTIF,False,True,True,FORMAT_NPWP_TIDAK_BAKU
CEISA,3306409805877,UD NARPATI HASANAH (PERSERO) TBK,356I7I4O454O928,64,AKTIF,False,True,True,FORMAT_NPWP_TIDAK_BAKU
CEISA,0750461224714,PT MULYANI MAHESWARA,878531274,64,AKTIF,False,True,True,FORMAT_NPWP_TIDAK_BAKU
CEISA,0780499033263,PD DABUKKE,162634851,35,AKTIF,False,True,True,FORMAT_NPWP_TIDAK_BAKU
CEISA,6018357841708,UD LAILASARI YULIANTI,5I32I3873298668,16,DIBEKUKAN,False,True,True,FORMAT_NPWP_TIDAK_BAKU
CEISA,7737939579551,PERUM FIRMANSYAH SETIAWAN,28 975 069,18,DICABUT,False,True,True,FORMAT_NPWP_TIDAK_BAKU
CEISA,6136311596955,CV WULANDARI LAILASARI,993538107,18,AKTIF,False,True,True,FORMAT_NPWP_TIDAK_BAKU
CEISA,4433890254712,PD PRABOWO (CABANG),406093560,21,DIBEKUKAN,False,True,True,FORMAT_NPWP_TIDAK_BAKU
CEISA,5912426957538,PD SALAHUDIN TBK (CABANG),29 889 994,64,AKTIF,False,True,True,FORMAT_NPWP_TIDAK_BAKU
CEISA,2146100498359,PD SURYONO,54 823 826,35,AKTIF,False,True,True,FORMAT_NPWP_TIDAK_BAKU
CEISA,8546008118465,PERUM PURNAWATI PURWANTI (CABANG),O76645467I69268,31,AKTIF,False,True,True,FORMAT_NPWP_TIDAK_BAKU
CEISA,0734571071780,CV PRABOWO HANDAYANI TBK,10 945 789,12,DIBEKUKAN,False,True,True,FORMAT_NPWP_TIDAK_BAKU
CEISA,5942193793136,PT PRANOWO TBK,379435I4IOI9I2I,36,AKTIF,False,True,True,FORMAT_NPWP_TIDAK_BAKU
CEISA,6322802979801,UD SUWARNO WASTUTI,957I82324I6OO77,31,AKTIF,False,True,True,FORMAT_NPWP_TIDAK_BAKU
CEISA,9596355387214,PT PADMASARI PRASETYA (PERSERO) TBK,94 320 790,35,AKTIF,False,True,True,FORMAT_NPWP_TIDAK_BAKU
CEISA,4228483492766,UD SUSANTI HUTASOIT TBK,86O97IO5925IO29,16,AKTIF,False,True,True,FORMAT_NPWP_TIDAK_BAKU
CEISA,0113482655128,PERUM WIBISONO PUTRA TBK,07 142 082,32,AKTIF,False,True,True,FORMAT_NPWP_TIDAK_BAKU
CEISA,3350425853868,CV UTAMI (CABANG),03 130 640,33,AKTIF,False,True,True,FORMAT_NPWP_TIDAK_BAKU
CEISA,0933207625731,PD WIBISONO UYAINAH,95438434828663O,33,AKTIF,False,True,True,FORMAT_NPWP_TIDAK_BAKU
CEISA,5526746934432,PERUM NASHIRUDDIN MARBUN,7I2973O2O73473O,73,AKTIF,False,True,True,FORMAT_NPWP_TIDAK_BAKU
CEISA,1799932420248,PERUM YUNIAR MEGANTARA (PERSERO) TBK,31 968 533,12,AKTIF,False,True,True,FORMAT_NPWP_TIDAK_BAKU
CEISA,4741253137956,PD WIBISONO KUSWANDARI (PERSERO) TBK,4O95I84I336725I,35,AKTIF,False,True,True,FORMAT_NPWP_TIDAK_BAKU
CEISA,4768098568350,CV MAYASARI (CABANG),052715175,12,AKTIF,False,True,True,FORMAT_NPWP_TIDAK_BAKU
CEISA,1185577170775,UD HABIBI UTAMA,77 677 479,18,AKTIF,False,True,True,FORMAT_NPWP_TIDAK_BAKU
CEISA,6371206317552,UD MANULLANG (PERSERO) TBK (CABANG),3699275O997I887,12,AKTIF,False,True,True,FORMAT_NPWP_TIDAK_BAKU
CEISA,4122203876738,PERUM NAJMUDIN HANDAYANI,618691873,32,AKTIF,False,True,True,FORMAT_NPWP_TIDAK_BAKU
CEISA,6539039159596,PERUM SALAHUDIN RAHAYU TBK,29 598 648,21,AKTIF,False,True,True,FORMAT_NPWP_TIDAK_BAKU
CEISA,2965738733417,UD WACANA,48925266328O545,31,AKTIF,False,True,True,FORMAT_NPWP_TIDAK_BAKU
CEISA,4883192134249,PD SIHOMBING (PERSERO) TBK (CABANG),54 772 108,35,AKTIF,False,True,True,FORMAT_NPWP_TIDAK_BAKU
CEISA,2730346156262,PERUM MAHESWARA,4O86O792392I284,16,AKTIF,False,True,True,FORMAT_NPWP_TIDAK_BAKU
CEISA,7972798552414,PT FARIDA HARTATI TBK,468237O9O8O8O93,35,AKTIF,False,True,True,FORMAT_NPWP_TIDAK_BAKU
CEISA,6063399129710,PD LAILASARI KUSUMO (PERSERO) TBK (CABANG),559I48248528OIO,61,AKTIF,False,True,True,FORMAT_NPWP_TIDAK_BAKU
CEISA,0903802146296,PERUM WAHYUNI (PERSERO) TBK,82 249 210,21,AKTIF,False,True,True,FORMAT_NPWP_TIDAK_BAKU
CEISA,0634303101663,UD SUSANTI PRADANA TBK,595I6669334I762,33,AKTIF,False,True,True,FORMAT_NPWP_TIDAK_BAKU
CEISA,9714086332343,PT UTAMA PRADIPTA (PERSERO) TBK,634II28O34I8O28,35,AKTIF,False,True,True,FORMAT_NPWP_TIDAK_BAKU
CEISA,2025409411396,CV PRABOWO,33 860 945,12,AKTIF,False,True,True,FORMAT_NPWP_TIDAK_BAKU
CEISA,1990502406511,PERUM SAPUTRA TBK,434011176,36,AKTIF,False,True,True,FORMAT_NPWP_TIDAK_BAKU
CEISA,8607784031059,HARIYAH (PERSERO) TBK (CABANG),91 441 246,21,DIBEKUKAN,False,True,True,FORMAT_NPWP_TIDAK_BAKU
CEISA,0093339637902,CV USADA,544OII322O6I874,73,AKTIF,False,True,True,FORMAT_NPWP_TIDAK_BAKU
CEISA,6624628733427,UD SAMOSIR TBK,091714797,33,DICABUT,False,True,True,FORMAT_NPWP_TIDAK_BAKU
CEISA,1207049611080,PD WINARNO PRAKASA TBK,5265I5478757IO9,35,AKTIF,False,True,True,FORMAT_NPWP_TIDAK_BAKU
CEISA,5719760932012,CV ASTUTI TBK,472515376,73,DICABUT,False,True,True,FORMAT_NPWP_TIDAK_BAKU
CEISA,5358210728878,PD LESTARI SAEFULLAH,83 139 145,64,AKTIF,False,True,True,FORMAT_NPWP_TIDAK_BAKU
CEISA,3530193633959,PD LAZUARDI TBK,344O67573636678,32,DIBEKUKAN,False,True,True,FORMAT_NPWP_TIDAK_BAKU
CEISA,2176272438144,CV HANDAYANI,235256713,12,AKTIF,False,True,True,FORMAT_NPWP_TIDAK_BAKU
CEISA,6391727154836,PT KUSWOYO,32I438O3383O5O2,51,AKTIF,False,True,True,FORMAT_NPWP_TIDAK_BAKU
CEISA,8833628175060,PERUM ANGGRIAWAN MANDASARI (PERSERO) TBK (CABANG),021827731,35,AKTIF,False,True,True,FORMAT_NPWP_TIDAK_BAKU
CEISA,8470981920509,PD YULIARTI MARDHIYAH (PERSERO) TBK,7O8464I566846O6,91,DIBEKUKAN,False,True,True,FORMAT_NPWP_TIDAK_BAKU
CEISA,8236883128829,CV DONGORAN LAZUARDI (CABANG),409157706,12,AKTIF,False,True,True,FORMAT_NPWP_TIDAK_BAKU
CEISA,9590010943969,PERUM ARYANI TBK,404382124,12,AKTIF,False,True,True,FORMAT_NPWP_TIDAK_BAKU
CEISA,3035901818102,PERUM MELANI LAZUARDI,718170469,12,AKTIF,False,True,True,FORMAT_NPWP_TIDAK_BAKU
CEISA,1270229572865,UD FIRGANTORO RAHAYU,192286368,35,AKTIF,False,True,True,FORMAT_NPWP_TIDAK_BAKU
CEISA,7351851769659,PD SITORUS,36 133 524,16,AKTIF,False,True,True,FORMAT_NPWP_TIDAK_BAKU
CEISA,9322408407493,UD YULIANTI ADRIANSYAH,99936655778I6O4,51,AKTIF,False,True,True,FORMAT_NPWP_TIDAK_BAKU
CEISA,1038802730427,UD NOVITASARI (PERSERO) TBK,533067293,32,AKTIF,False,True,True,FORMAT_NPWP_TIDAK_BAKU
CEISA,8290755154526,UD RAMADAN TBK,186390898,51,AKTIF,False,True,True,FORMAT_NPWP_TIDAK_BAKU
CEISA,8845296933894,PT MELANI PERMATA TBK,329806516,33,AKTIF,False,True,True,FORMAT_NPWP_TIDAK_BAKU
CEISA,4223596053962,PERUM SARAGIH MARPAUNG TBK,332725117,12,AKTIF,False,True,True,FORMAT_NPWP_TIDAK_BAKU
CEISA,2835946106014,WIDODO (PERSERO) TBK (CABANG),30 100 471,51,DIBEKUKAN,False,True,True,FORMAT_NPWP_TIDAK_BAKU
CEISA,3518233749894,PD SITOMPUL NAMAGA TBK,196715529,73,AKTIF,False,True,True,FORMAT_NPWP_TIDAK_BAKU
CEISA,0242169435328,PERUM RAHMAWATI PRADANA,2945524484O644I,91,AKTIF,False,True,True,FORMAT_NPWP_TIDAK_BAKU
CEISA,2092252123802,PERUM NAMAGA (CABANG),714109685,21,AKTIF,False,True,True,FORMAT_NPWP_TIDAK_BAKU
CEISA,0322508193392,PD PERMATA,O78922O866I7559,21,AKTIF,False,True,True,FORMAT_NPWP_TIDAK_BAKU
CEISA,5544054755324,PERUM WULANDARI PERTIWI,677II646O3I4678,31,AKTIF,False,True,True,FORMAT_NPWP_TIDAK_BAKU
CEISA,5157202419053,PT FUJIATI TBK,6O633379O88I345,21,AKTIF,False,True,True,FORMAT_NPWP_TIDAK_BAKU
CEISA,4470229604432,UD WIJAYA (PERSERO) TBK,00 886 856,12,AKTIF,False,True,True,FORMAT_NPWP_TIDAK_BAKU
CEISA,3132452756719,CV NOVITASARI MARBUN,44 454 640,21,AKTIF,False,True,True,FORMAT_NPWP_TIDAK_BAKU
CEISA,3423216110760,PT HALIM TBK,46 428 961,36,AKTIF,False,True,True,FORMAT_NPWP_TIDAK_BAKU
CEISA,7537260321450,PT SUSANTI UWAIS TBK,605958689,16,AKTIF,False,True,True,FORMAT_NPWP_TIDAK_BAKU
CEISA,2882049776380,UD RAHMAWATI,74 104 630,35,AKTIF,False,True,True,FORMAT_NPWP_TIDAK_BAKU
CEISA,6778231299570,UD SAEFULLAH,8447I3337663262,73,AKTIF,False,True,True,FORMAT_NPWP_TIDAK_BAKU
CEISA,5677213600843,UD DAMANIK WASTUTI (PERSERO) TBK,O83682657367597,16,AKTIF,False,True,True,FORMAT_NPWP_TIDAK_BAKU
CEISA,9207705772975,UD YULIANTI,4O76I27397I66O9,18,DICABUT,False,True,True,FORMAT_NPWP_TIDAK_BAKU
CEISA,2811018013805,PD PRADANA TBK,791796483,36,DIBEKUKAN,False,True,True,FORMAT_NPWP_TIDAK_BAKU
CEISA,0284136233470,PD BUDIMAN,77 223 936,61,AKTIF,False,True,True,FORMAT_NPWP_TIDAK_BAKU
CEISA,9937873521998,PT PRADANA HALIM,27 692 215,64,AKTIF,False,True,True,FORMAT_NPWP_TIDAK_BAKU
CEISA,2235339282883,PD JAILANI NASHIRUDDIN (PERSERO) TBK,781706691,21,AKTIF,False,True,True,FORMAT_NPWP_TIDAK_BAKU
CEISA,1538348995312,PD PRASETYA HANDAYANI (PERSERO) TBK,I646344723II3I4,31,DICABUT,False,True,True,FORMAT_NPWP_TIDAK_BAKU
CEISA,8669432029390,UD SUWARNO YULIARTI (PERSERO) TBK,306070477,51,AKTIF,False,True,True,FORMAT_NPWP_TIDAK_BAKU
CEISA,9605302618402,UD TARIHORAN,80 691 576,31,AKTIF,False,True,True,FORMAT_NPWP_TIDAK_BAKU
CEISA,6673139628633,PERUM LAKSMIWATI TBK,92 232 488,31,AKTIF,False,True,True,FORMAT_NPWP_TIDAK_BAKU
CEISA,9093052734791,PT SIMANJUNTAK (PERSERO) TBK,798481160,33,DIBEKUKAN,False,True,True,FORMAT_NPWP_TIDAK_BAKU
CEISA,0545702789292,PT HASANAH WIDODO (PERSERO) TBK,7477377O5343974,32,DICABUT,False,True,True,FORMAT_NPWP_TIDAK_BAKU
CEISA,7462268975311,CV SIHOTANG WULANDARI,76I27842IO2I547,35,AKTIF,False,True,True,FORMAT_NPWP_TIDAK_BAKU
CEISA,3996927176934,PT PRASASTA HANDAYANI,71 286 031,51,AKTIF,False,True,True,FORMAT_NPWP_TIDAK_BAKU
CEISA,9964723661176,PERUM WIJAYANTI,54 444 104,18,AKTIF,False,True,True,FORMAT_NPWP_TIDAK_BAKU
CEISA,0427931663241,PERUM PRASTUTI,75 874 848,35,AKTIF,False,True,True,FORMAT_NPWP_TIDAK_BAKU
CEISA,0993210367400,PERUM PRATAMA,75 103 999,91,AKTIF,False,True,True,FORMAT_NPWP_TIDAK_BAKU
CEISA,3598860000046,UD WINARSIH PADMASARI (CABANG),82 303 786,61,AKTIF,False,True,True,FORMAT_NPWP_TIDAK_BAKU
CEISA,5296942691548,PT SINAGA TBK,431149844,12,AKTIF,False,True,True,FORMAT_NPWP_TIDAK_BAKU
CEISA,7230848100184,PT NASYIDAH (PERSERO) TBK,53 472 560,51,AKTIF,False,True,True,FORMAT_NPWP_TIDAK_BAKU
CEISA,0336922494728,UD PRATAMA SITORUS TBK,74IO227825OIO52,35,AKTIF,False,True,True,FORMAT_NPWP_TIDAK_BAKU
CEISA,2318114073191,CV HARTATI MANSUR TBK,49 925 020,18,AKTIF,False,True,True,FORMAT_NPWP_TIDAK_BAKU
CEISA,3698034594893,UD HALIMAH,9598I77O7779I63,32,AKTIF,False,True,True,FORMAT_NPWP_TIDAK_BAKU
CEISA,2878418567886,PD LESTARI (CABANG),91 629 269,35,AKTIF,False,True,True,FORMAT_NPWP_TIDAK_BAKU
CEISA,0713984822850,PD MAULANA UYAINAH,68 449 746,31,AKTIF,False,True,True,FORMAT_NPWP_TIDAK_BAKU
CEISA,8986225468629,UD DABUKKE (CABANG),96 381 711,21,AKTIF,False,True,True,FORMAT_NPWP_TIDAK_BAKU
CEISA,9885339619381,PERUM BUDIYANTO TBK,2O245545297I4O4,35,AKTIF,False,True,True,FORMAT_NPWP_TIDAK_BAKU
CEISA,7322917123209,UD SITOMPUL NASYIAH (PERSERO) TBK,04 904 938,31,AKTIF,False,True,True,FORMAT_NPWP_TIDAK_BAKU
CEISA,0900163564072,PERUM LAZUARDI,16 152 496,36,AKTIF,False,True,True,FORMAT_NPWP_TIDAK_BAKU
CEISA,8995544479289,PD SAPTONO ARDIANTO TBK,49 008 096,21,AKTIF,False,True,True,FORMAT_NPWP_TIDAK_BAKU
CEISA,5802824021019,PD RAHAYU GUNAWAN (PERSERO) TBK,565868929,31,AKTIF,False,True,True,FORMAT_NPWP_TIDAK_BAKU
CEISA,4098521772962,CV SIMBOLON (PERSERO) TBK,58 221 813,12,AKTIF,False,True,True,FORMAT_NPWP_TIDAK_BAKU
CEISA,3580541631892,PERUM HARIYAH TBK,84 079 048,16,DICABUT,False,True,True,FORMAT_NPWP_TIDAK_BAKU
CEISA,0929578671815,UD HUTASOIT PURNAWATI,77I2O527II4IOO8,36,DIBEKUKAN,False,True,True,FORMAT_NPWP_TIDAK_BAKU
CEISA,2642400174259,PD HASTUTI WINARSIH TBK,76 696 777,51,AKTIF,False,True,True,FORMAT_NPWP_TIDAK_BAKU
CEISA,1486329085050,PD ANDRIANI,OOO7549I753I6I4,91,DICABUT,False,True,True,FORMAT_NPWP_TIDAK_BAKU
CEISA,4252516185759,CV SANTOSO TBK,643425222,31,AKTIF,False,True,True,FORMAT_NPWP_TIDAK_BAKU
CEISA,3338169750783,PERUM MUSTOFA ARYANI (PERSERO) TBK,8I3O7II52758252,21,AKTIF,False,True,True,FORMAT_NPWP_TIDAK_BAKU
CEISA,1543904489093,CV ZULKARNAIN (CABANG),O76832744426IIO,51,AKTIF,False,True,True,FORMAT_NPWP_TIDAK_BAKU
CEISA,8958247733912,UD WIJAYA TBK (CABANG),073931492,35,AKTIF,False,True,True,FORMAT_NPWP_TIDAK_BAKU
CEISA,2645633917299,UD SAMOSIR YOLANDA TBK,71 151 989,51,AKTIF,False,True,True,FORMAT_NPWP_TIDAK_BAKU
CEISA,9673938525800,CV SUDIATI KUSWOYO (PERSERO) TBK,996301891,91,AKTIF,False,True,True,FORMAT_NPWP_TIDAK_BAKU
CEISA,1834830863701,CV ANGGRAINI,949844085,36,DIBEKUKAN,False,True,True,FORMAT_NPWP_TIDAK_BAKU
CEISA,3812858294380,PD PUDJIASTUTI,280398419,73,AKTIF,False,True,True,FORMAT_NPWP_TIDAK_BAKU
CEISA,5940189805388,UD ISWAHYUDI TBK (CABANG),53 084 708,16,AKTIF,False,True,True,FORMAT_NPWP_TIDAK_BAKU
CEISA,0010145478364,CV KUSUMO MANDALA,134922218,33,AKTIF,False,True,True,FORMAT_NPWP_TIDAK_BAKU
CEISA,2590073971307,CV KURNIAWAN,64I26276599OO99,21,AKTIF,False,True,True,FORMAT_NPWP_TIDAK_BAKU
CEISA,8363816432126,CV ISWAHYUDI SUSANTI,347249655493O64,73,DIBEKUKAN,False,True,True,FORMAT_NPWP_TIDAK_BAKU
CEISA,0285915658179,PD PUSPITA (PERSERO) TBK,42OIO689I5II288,51,AKTIF,False,True,True,FORMAT_NPWP_TIDAK_BAKU
CEISA,7547401405254,UD SETIAWAN,073116253,31,DICABUT,False,True,True,FORMAT_NPWP_TIDAK_BAKU
CEISA,0786235107651,CV UWAIS HABIBI,87 676 928,73,DIBEKUKAN,False,True,True,FORMAT_NPWP_TIDAK_BAKU
CEISA,7067151525862,PERUM KUSWOYO TBK,58 630 872,36,AKTIF,False,True,True,FORMAT_NPWP_TIDAK_BAKU
CEISA,2152409383527,PD LAKSMIWATI TBK,28 454 348,35,AKTIF,False,True,True,FORMAT_NPWP_TIDAK_BAKU
CEISA,3969045392528,PD ANDRIANI PRASETYA,183866214,35,AKTIF,False,True,True,FORMAT_NPWP_TIDAK_BAKU
CEISA,5166406413367,PT SAFITRI (PERSERO) TBK,502406075,36,AKTIF,False,True,True,FORMAT_NPWP_TIDAK_BAKU
CEISA,7462222544639,PD WAHYUDIN (PERSERO) TBK (CABANG),70 687 189,91,AKTIF,False,True,True,FORMAT_NPWP_TIDAK_BAKU
CEISA,9022793467488,PD HUTASOIT HARIYAH,20 312 828,35,AKTIF,False,True,True,FORMAT_NPWP_TIDAK_BAKU
CEISA,9225664187429,PERUM SIMANJUNTAK MAHESWARA (PERSERO) TBK,07 815 637,35,DIBEKUKAN,False,True,True,FORMAT_NPWP_TIDAK_BAKU
CEISA,8666118700749,CV LAKSMIWATI PRADANA (PERSERO) TBK,2259OO29273937I,31,AKTIF,False,True,True,FORMAT_NPWP_TIDAK_BAKU
CEISA,7038625676112,UD YULIANTI SITOMPUL,467070439,73,AKTIF,False,True,True,FORMAT_NPWP_TIDAK_BAKU
CEISA,1840639294651,PT PANGESTU AGUSTINA,O8O92978I649762,12,DICABUT,False,True,True,FORMAT_NPWP_TIDAK_BAKU
CEISA,7611097630286,PT IRAWAN,74I332752622327,31,AKTIF,False,True,True,FORMAT_NPWP_TIDAK_BAKU
CEISA,7514726789044,PT PRATAMA HIDAYAT (PERSERO) TBK,324370817,21,AKTIF,False,True,True,FORMAT_NPWP_TIDAK_BAKU
CEISA,6988012256208,PT NURDIYANTI (PERSERO) TBK,214762162,35,DIBEKUKAN,False,True,True,FORMAT_NPWP_TIDAK_BAKU
CEISA,2291270659341,CV PRASETYO HARDIANSYAH,659944900,91,AKTIF,False,True,True,FORMAT_NPWP_TIDAK_BAKU
CEISA,5956164205955,PERUM PADMASARI LESTARI,03 674 381,12,AKTIF,False,True,True,FORMAT_NPWP_TIDAK_BAKU
CEISA,8352578906625,PERUM ZULAIKA HIDAYANTO,25 873 410,73,AKTIF,False,True,True,FORMAT_NPWP_TIDAK_BAKU
CEISA,5631121380782,UD WACANA TBK,04 156 012,31,AKTIF,False,True,True,FORMAT_NPWP_TIDAK_BAKU
CEISA,0124710103833,PERUM HARTATI ANGGRIAWAN TBK (CABANG),29942379O486852,18,DIBEKUKAN,False,True,True,FORMAT_NPWP_TIDAK_BAKU
CEISA,5752925556808,THAMRIN (CABANG),31 680 748,31,DIBEKUKAN,False,True,True,FORMAT_NPWP_TIDAK_BAKU
CEISA,9270604256120,UD MANDALA (CABANG),748I82I6I49237O,51,AKTIF,False,True,True,FORMAT_NPWP_TIDAK_BAKU
CEISA,6329403804374,PD MULYANI (CABANG),993190582,35,AKTIF,False,True,True,FORMAT_NPWP_TIDAK_BAKU
CEISA,6446592396597,PD SUDIATI,125305446,32,AKTIF,False,True,True,FORMAT_NPWP_TIDAK_BAKU
CEISA,8224731261685,PERUM WIBISONO HASSANAH (PERSERO) TBK,69OO3979678OIIO,35,DIBEKUKAN,False,True,True,FORMAT_NPWP_TIDAK_BAKU
CEISA,0660116558651,CV PANGESTU PUDJIASTUTI,36 145 719,21,AKTIF,False,True,True,FORMAT_NPWP_TIDAK_BAKU
CEISA,6492151826068,UD TARIHORAN (PERSERO) TBK,38I625568595578,32,AKTIF,False,True,True,FORMAT_NPWP_TIDAK_BAKU
CEISA,1393373617984,CV LAZUARDI DAMANIK TBK,139304647,32,AKTIF,False,True,True,FORMAT_NPWP_TIDAK_BAKU
CEISA,1692327379897,UD WINARSIH RAJASA,93 485 856,35,DICABUT,False,True,True,FORMAT_NPWP_TIDAK_BAKU
CEISA,6951063611287,PT HABIBI (PERSERO) TBK,342053485,12,DIBEKUKAN,False,True,True,FORMAT_NPWP_TIDAK_BAKU
CEISA,9620233627065,PD JANUAR (CABANG),O4I877663346I68,61,AKTIF,False,True,True,FORMAT_NPWP_TIDAK_BAKU
CEISA,5823814493289,CV DAMANIK TBK,316233190,32,DICABUT,False,True,True,FORMAT_NPWP_TIDAK_BAKU
CEISA,2512257207650,PT SUARTINI TBK,93 247 460,35,AKTIF,False,True,True,FORMAT_NPWP_TIDAK_BAKU
CEISA,8717490955298,PERUM MANSUR FIRMANSYAH,521998134,64,AKTIF,False,True,True,FORMAT_NPWP_TIDAK_BAKU
CEISA,5439435353751,PD WALUYO (PERSERO) TBK,674623466,21,AKTIF,False,True,True,FORMAT_NPWP_TIDAK_BAKU
CEISA,8077677583131,PERUM MAYASARI,54 752 651,12,DIBEKUKAN,False,True,True,FORMAT_NPWP_TIDAK_BAKU
CEISA,9891050459619,PT NAJMUDIN PRASASTA (PERSERO) TBK,I3778684I483O23,31,DICABUT,False,True,True,FORMAT_NPWP_TIDAK_BAKU
CEISA,3059766208407,CV GUNARTO (CABANG),90 501 679,31,AKTIF,False,True,True,FORMAT_NPWP_TIDAK_BAKU
CEISA,5405744870381,CV WASKITA,273998850,12,AKTIF,False,True,True,FORMAT_NPWP_TIDAK_BAKU
CEISA,9106183554969,PT WASITA TBK,749094353,31,AKTIF,False,True,True,FORMAT_NPWP_TIDAK_BAKU
CEISA,2424033810595,CV SAPUTRA MANSUR,3OI744274927O23,33,DIBEKUKAN,False,True,True,FORMAT_NPWP_TIDAK_BAKU
CEISA,8741148626751,CV ISWAHYUDI HIDAYAT,331096863,16,AKTIF,False,True,True,FORMAT_NPWP_TIDAK_BAKU
CEISA,1399923239874,CV RAHAYU LATUPONO,10 027 256,73,AKTIF,False,True,True,FORMAT_NPWP_TIDAK_BAKU
CEISA,6738960003206,CV PRATAMA,2953I7I32O8I2I2,73,DICABUT,False,True,True,FORMAT_NPWP_TIDAK_BAKU
CEISA,1690618120546,CV MARYATI,771895968,35,AKTIF,False,True,True,FORMAT_NPWP_TIDAK_BAKU
CEISA,2704391798303,PT PRAKASA MUSTOFA TBK,13 036 950,64,DICABUT,False,True,True,FORMAT_NPWP_TIDAK_BAKU
CEISA,8393039539526,UD MULYANI (PERSERO) TBK,91 215 069,73,AKTIF,False,True,True,FORMAT_NPWP_TIDAK_BAKU
CEISA,9468576786340,PD GUNARTO SINAGA,24553O49263I236,64,AKTIF,False,True,True,FORMAT_NPWP_TIDAK_BAKU
CEISA,7191898664693,PERUM IRAWAN WIDIASTUTI TBK,5O4846363966383,35,AKTIF,False,True,True,FORMAT_NPWP_TIDAK_BAKU
CEISA,7993246964928,UD HARDIANSYAH SUSANTI TBK,66 021 992,51,AKTIF,False,True,True,FORMAT_NPWP_TIDAK_BAKU
CEISA,7441235998962,UD NASYIDAH TBK,47 086 115,21,AKTIF,False,True,True,FORMAT_NPWP_TIDAK_BAKU
CEISA,9680071194750,PD ANDRIANI LESTARI,14 964 834,33,AKTIF,False,True,True,FORMAT_NPWP_TIDAK_BAKU
CEISA,9562514658926,PERUM MELANI ARDIANTO (PERSERO) TBK,023183567,36,AKTIF,False,True,True,FORMAT_NPWP_TIDAK_BAKU
CEISA,9899927517588,PT MANGUNSONG,40 533 628,12,AKTIF,False,True,True,FORMAT_NPWP_TIDAK_BAKU
CEISA,9469468339713,PT PRAKASA PRASETYO,5424749726I6I87,12,AKTIF,False,True,True,FORMAT_NPWP_TIDAK_BAKU
CEISA,0545228015619,UD RAJASA HIDAYAT (CABANG),86 091 049,12,DICABUT,False,True,True,FORMAT_NPWP_TIDAK_BAKU
CEISA,4919283249511,PT ZULAIKA WACANA (PERSERO) TBK,154276697,31,AKTIF,False,True,True,FORMAT_NPWP_TIDAK_BAKU
CEISA,1745527537004,PD LESTARI WALUYO (PERSERO) TBK,392487I52I3653I,51,AKTIF,False,True,True,FORMAT_NPWP_TIDAK_BAKU
CEISA,9333677052979,PT JANUAR MARDHIYAH,8I385255777336I,31,AKTIF,False,True,True,FORMAT_NPWP_TIDAK_BAKU
CEISA,8548051438827,PERUM MARPAUNG,72843254OI24246,31,DIBEKUKAN,False,True,True,FORMAT_NPWP_TIDAK_BAKU
CEISA,1051381015516,PD NASHIRUDDIN TBK,73 162 868,35,AKTIF,False,True,True,FORMAT_NPWP_TIDAK_BAKU
CEISA,1469061533996,PD SUARTINI (PERSERO) TBK,203226865,73,AKTIF,False,True,True,FORMAT_NPWP_TIDAK_BAKU
CEISA,5691070861171,UD YOLANDA,992487890,33,AKTIF,False,True,True,FORMAT_NPWP_TIDAK_BAKU
CEISA,1096598455766,HANDAYANI SALAHUDIN (PERSERO) TBK (CABANG),795988235,12,AKTIF,False,True,True,FORMAT_NPWP_TIDAK_BAKU
CEISA,0600746143370,PERUM RAHAYU (PERSERO) TBK,600180098,91,AKTIF,False,True,True,FORMAT_NPWP_TIDAK_BAKU
CEISA,8447936561156,PD HALIM PRAYOGA TBK,I5O56O95II95852,31,AKTIF,False,True,True,FORMAT_NPWP_TIDAK_BAKU
CEISA,0539672757844,CV BUDIMAN TBK,61 520 606,12,AKTIF,False,True,True,FORMAT_NPWP_TIDAK_BAKU
CEISA,6615393929427,UD UTAMA,09 388 670,21,AKTIF,False,True,True,FORMAT_NPWP_TIDAK_BAKU
CEISA,8412361113697,PERUM ADRIANSYAH UYAINAH (PERSERO) TBK,03 635 080,33,AKTIF,False,True,True,FORMAT_NPWP_TIDAK_BAKU
CEISA,8569329136964,PERUM GUNAWAN,10 825 995,31,AKTIF,False,True,True,FORMAT_NPWP_TIDAK_BAKU
CEISA,1002194672324,PD LATUPONO,84 006 923,64,AKTIF,False,True,True,FORMAT_NPWP_TIDAK_BAKU
CEISA,5555727738264,PD HALIM TBK,30 835 930,73,AKTIF,False,True,True,FORMAT_NPWP_TIDAK_BAKU
CEISA,3952076435932,PERUM IRAWAN (CABANG),685388OI8482342,32,AKTIF,False,True,True,FORMAT_NPWP_TIDAK_BAKU
CEISA,3199711533349,PERUM SURYONO (PERSERO) TBK,00 678 356,18,AKTIF,False,True,True,FORMAT_NPWP_TIDAK_BAKU
CEISA,9496843645380,PT LAKSITA UTAMI (PERSERO) TBK,87 153 494,73,AKTIF,False,True,True,FORMAT_NPWP_TIDAK_BAKU
CEISA,4251242673904,PD LAZUARDI KUSUMO,7OI454I8922O238,31,AKTIF,False,True,True,FORMAT_NPWP_TIDAK_BAKU
CEISA,0848872563942,PD MANDASARI DABUKKE TBK (CABANG),68 050 156,32,AKTIF,False,True,True,FORMAT_NPWP_TIDAK_BAKU
CEISA,9586218531112,PT RAHMAWATI (PERSERO) TBK,75327687476438O,64,AKTIF,False,True,True,FORMAT_NPWP_TIDAK_BAKU
CEISA,0320991521595,PT LAZUARDI ANGGRAINI (PERSERO) TBK,111978916,51,AKTIF,False,True,True,FORMAT_NPWP_TIDAK_BAKU
CEISA,8713899279354,PT MANGUNSONG TBK,63 844 091,12,AKTIF,False,True,True,FORMAT_NPWP_TIDAK_BAKU
CEISA,2845401822720,PT HARYANTO,968OI2658783I2O,35,AKTIF,False,True,True,FORMAT_NPWP_TIDAK_BAKU
CEISA,1258606209818,CV TAMPUBOLON,57 459 485,33,AKTIF,False,True,True,FORMAT_NPWP_TIDAK_BAKU
CEISA,5546542683684,CV MULYANI (PERSERO) TBK,299284I45349374,12,AKTIF,False,True,True,FORMAT_NPWP_TIDAK_BAKU
CEISA,1727802724198,PT NOVITASARI TBK,68 077 991,33,AKTIF,False,True,True,FORMAT_NPWP_TIDAK_BAKU
CEISA,3873693238004,PERUM PALASTRI,435O33863O29692,32,DICABUT,False,True,True,FORMAT_NPWP_TIDAK_BAKU
CEISA,0000295616225,UD PRADANA (PERSERO) TBK,741092972,12,AKTIF,False,True,True,FORMAT_NPWP_TIDAK_BAKU
CEISA,7350926925261,PERUM SURYONO USADA (PERSERO) TBK,442520083,12,AKTIF,False,True,True,FORMAT_NPWP_TIDAK_BAKU
CEISA,0684577590175,PERUM WULANDARI (PERSERO) TBK,O2I9IIO689I5346,16,AKTIF,False,True,True,FORMAT_NPWP_TIDAK_BAKU
CEISA,9215109810094,PD OKTAVIANI PUTRA,375331056,36,AKTIF,False,True,True,FORMAT_NPWP_TIDAK_BAKU
